/*
Navicat MySQL Data Transfer

Source Server         : local
Source Server Version : 50018
Source Host           : localhost:3306
Source Database       : itest

Target Server Type    : MYSQL
Target Server Version : 50018
File Encoding         : 65001

Date: 2018-03-23 15:33:18
*/

SET FOREIGN_KEY_CHECKS=0;

-- ----------------------------
-- Table structure for ams_api
-- ----------------------------
DROP TABLE IF EXISTS `ams_api`;
CREATE TABLE `ams_api` (
  `id` int(11) unsigned NOT NULL auto_increment,
  `apiName` varchar(255) collate utf8_bin default NULL,
  `apiURI` varchar(255) collate utf8_bin default NULL,
  `apiProtocol` varchar(10) collate utf8_bin default NULL,
  `apiMethod` varchar(10) collate utf8_bin default NULL,
  `apiRequestParamType` varchar(20) collate utf8_bin default 'formData' COMMENT '请求参数类型[formData:表单数据; raw:源数据]',
  `apiRequestRaw` text collate utf8_bin,
  `apiSuccessMock` text collate utf8_bin COMMENT '成功返回示例',
  `apiFailureMock` text collate utf8_bin COMMENT '失败返回示例',
  `apiStatus` tinyint(1) unsigned default '0',
  `group_id` int(11) default NULL COMMENT '接口分组id',
  `project_id` int(10) unsigned default NULL COMMENT '项目id',
  `updateUser_id` int(11) default '0',
  `updateTime` timestamp NOT NULL default CURRENT_TIMESTAMP,
  `createTime` datetime default NULL COMMENT '创建时间',
  PRIMARY KEY  (`id`)
) ENGINE=InnoDB DEFAULT CHARSET=utf8 COLLATE=utf8_bin;

-- ----------------------------
-- Records of ams_api
-- ----------------------------
INSERT INTO `ams_api` VALUES ('21', '两个数相加', 'localhost:8000/test/add?a=1&b=2', 'HTTP', 'GET', 'formData', '', 0x7B73756D3A337D, 0x4E6F6E65, '0', '1', '1', '4', '2018-03-22 14:46:35', '2018-03-22 14:46:35');
INSERT INTO `ams_api` VALUES ('38', '阳光易购', 'www.ebid360.com', 'HTTP', 'POST', 'raw', 0x61616161616161616161616262626262626262626262626262626262626262626262, 0x616161616161616161616161, 0x7BE28098636F6465E280993A313131317D, '0', null, '2', '5', '2018-03-21 15:19:41', '2018-03-21 15:19:41');
INSERT INTO `ams_api` VALUES ('40', 'aa', 'aa', 'HTTP', 'POST', 'formData', '', '', '', '0', null, '2', '3', '2018-03-16 14:16:32', '2018-03-16 14:16:32');
INSERT INTO `ams_api` VALUES ('42', '加法接口测试', '127.0.0.1:8000/test/add/', 'HTTP', 'POST', 'formData', '', 0x33, '', '0', null, '2', '4', '2018-03-16 15:45:53', '2018-03-16 15:45:53');

-- ----------------------------
-- Table structure for ams_api_group
-- ----------------------------
DROP TABLE IF EXISTS `ams_api_group`;
CREATE TABLE `ams_api_group` (
  `id` int(11) unsigned NOT NULL auto_increment,
  `groupName` varchar(30) collate utf8_bin NOT NULL,
  `project_id` int(11) unsigned NOT NULL,
  PRIMARY KEY  (`id`),
  KEY `project_id` (`project_id`)
) ENGINE=InnoDB DEFAULT CHARSET=utf8 COLLATE=utf8_bin;

-- ----------------------------
-- Records of ams_api_group
-- ----------------------------
INSERT INTO `ams_api_group` VALUES ('1', '加法', '1');
INSERT INTO `ams_api_group` VALUES ('3', '减法', '1');

-- ----------------------------
-- Table structure for ams_api_header
-- ----------------------------
DROP TABLE IF EXISTS `ams_api_header`;
CREATE TABLE `ams_api_header` (
  `id` int(10) unsigned NOT NULL auto_increment,
  `headerName` varchar(255) default NULL,
  `headerValue` text,
  `apiID` int(10) unsigned default NULL,
  PRIMARY KEY  (`id`)
) ENGINE=InnoDB DEFAULT CHARSET=utf8;

-- ----------------------------
-- Records of ams_api_header
-- ----------------------------
INSERT INTO `ams_api_header` VALUES ('37', 'a', 'a', '40');
INSERT INTO `ams_api_header` VALUES ('39', 'area', '010', '38');
INSERT INTO `ams_api_header` VALUES ('40', 'uid', '10001', '38');
INSERT INTO `ams_api_header` VALUES ('45', 'area', '010', '21');

-- ----------------------------
-- Table structure for ams_api_request_param
-- ----------------------------
DROP TABLE IF EXISTS `ams_api_request_param`;
CREATE TABLE `ams_api_request_param` (
  `id` int(10) unsigned NOT NULL auto_increment,
  `paramName` varchar(255) collate utf8_bin default NULL,
  `paramValue` varchar(255) collate utf8_bin default NULL,
  `paramType` tinyint(3) unsigned default '0',
  `apiID` int(10) unsigned default NULL,
  `paramNotNull` tinyint(1) default '0',
  PRIMARY KEY  (`id`),
  KEY `apiID` (`apiID`)
) ENGINE=InnoDB DEFAULT CHARSET=utf8 COLLATE=utf8_bin;

-- ----------------------------
-- Records of ams_api_request_param
-- ----------------------------
INSERT INTO `ams_api_request_param` VALUES ('29', 'a', '1', '0', '42', '0');
INSERT INTO `ams_api_request_param` VALUES ('30', 'b', '2', '0', '42', '0');
INSERT INTO `ams_api_request_param` VALUES ('34', 'a', '1', '0', '21', '0');
INSERT INTO `ams_api_request_param` VALUES ('35', 'b', '2', '0', '21', '0');

-- ----------------------------
-- Table structure for ams_api_result_param
-- ----------------------------
DROP TABLE IF EXISTS `ams_api_result_param`;
CREATE TABLE `ams_api_result_param` (
  `id` int(11) unsigned NOT NULL auto_increment,
  `paramName` varchar(255) collate utf8_bin default NULL,
  `paramValue` varchar(255) collate utf8_bin NOT NULL,
  `apiID` int(11) unsigned NOT NULL,
  `paramNotNull` tinyint(1) unsigned default NULL,
  PRIMARY KEY  (`id`),
  KEY `apiID` (`apiID`)
) ENGINE=InnoDB DEFAULT CHARSET=utf8 COLLATE=utf8_bin COMMENT='接口返回参数';

-- ----------------------------
-- Records of ams_api_result_param
-- ----------------------------

-- ----------------------------
-- Table structure for ams_api_result_value
-- ----------------------------
DROP TABLE IF EXISTS `ams_api_result_value`;
CREATE TABLE `ams_api_result_value` (
  `id` int(10) unsigned NOT NULL auto_increment,
  `value` text collate utf8_bin,
  `valueDesc` varchar(255) collate utf8_bin default NULL,
  `param_id` int(10) unsigned NOT NULL,
  PRIMARY KEY  (`id`),
  KEY `resultParamID` (`param_id`)
) ENGINE=InnoDB DEFAULT CHARSET=utf8 COLLATE=utf8_bin COMMENT='接口返回参数内容';

-- ----------------------------
-- Records of ams_api_result_value
-- ----------------------------

-- ----------------------------
-- Table structure for ams_project
-- ----------------------------
DROP TABLE IF EXISTS `ams_project`;
CREATE TABLE `ams_project` (
  `id` int(11) unsigned NOT NULL auto_increment,
  `projectType` tinyint(1) unsigned default '0',
  `projectName` varchar(255) collate utf8_bin NOT NULL,
  `projectUpdateTime` timestamp NOT NULL default CURRENT_TIMESTAMP on update CURRENT_TIMESTAMP,
  `projectVersion` varchar(6) collate utf8_bin NOT NULL default '1.0',
  PRIMARY KEY  (`id`)
) ENGINE=InnoDB DEFAULT CHARSET=utf8 COLLATE=utf8_bin;

-- ----------------------------
-- Records of ams_project
-- ----------------------------
INSERT INTO `ams_project` VALUES ('1', '0', '测试系统', '2018-03-22 14:22:54', '1.0');
INSERT INTO `ams_project` VALUES ('2', '0', '学生管理系统', '2018-03-21 15:21:50', '5.0');

-- ----------------------------
-- Table structure for ams_test_case
-- ----------------------------
DROP TABLE IF EXISTS `ams_test_case`;
CREATE TABLE `ams_test_case` (
  `id` int(11) NOT NULL auto_increment COMMENT '用例ID',
  `project_id` int(11) NOT NULL COMMENT '项目ID',
  `caseName` varchar(255) NOT NULL COMMENT '用例名称',
  `caseDesc` varchar(255) default NULL COMMENT '用例描述',
  `createUser_id` int(11) default NULL COMMENT '用户ID',
  `createTime` datetime default NULL COMMENT '创建时间',
  `updateTime` timestamp NOT NULL default CURRENT_TIMESTAMP COMMENT '更新时间',
  `group_id` int(11) default NULL COMMENT '分组ID',
  `caseType` tinyint(4) default '0' COMMENT '0表示简单，1表示高级',
  `caseCode` longtext,
  PRIMARY KEY  (`id`)
) ENGINE=InnoDB DEFAULT CHARSET=utf8;

-- ----------------------------
-- Records of ams_test_case
-- ----------------------------
INSERT INTO `ams_test_case` VALUES ('8', '1', '单接口测试-加法', null, null, null, '2018-03-22 16:13:37', '3', '0', null);

-- ----------------------------
-- Table structure for ams_test_case_group
-- ----------------------------
DROP TABLE IF EXISTS `ams_test_case_group`;
CREATE TABLE `ams_test_case_group` (
  `id` int(11) NOT NULL auto_increment COMMENT '分组ID',
  `groupName` varchar(100) NOT NULL COMMENT '组名',
  `project_id` int(11) NOT NULL COMMENT '项目ID',
  PRIMARY KEY  (`id`)
) ENGINE=InnoDB DEFAULT CHARSET=utf8;

-- ----------------------------
-- Records of ams_test_case_group
-- ----------------------------
INSERT INTO `ams_test_case_group` VALUES ('1', '范德萨', '2');
INSERT INTO `ams_test_case_group` VALUES ('2', '登录模块', '2');
INSERT INTO `ams_test_case_group` VALUES ('3', '加法测试用例', '1');

-- ----------------------------
-- Table structure for ams_test_case_item
-- ----------------------------
DROP TABLE IF EXISTS `ams_test_case_item`;
CREATE TABLE `ams_test_case_item` (
  `id` int(11) NOT NULL auto_increment COMMENT '关联ID',
  `case_id` int(11) NOT NULL COMMENT '用例ID',
  `caseData` text COMMENT '内容',
  `caseCode` text COMMENT '用例代码',
  `statusCode` varchar(20) default NULL,
  `matchType` tinyint(4) default '0' COMMENT '校验类型[0:不校验; 1:完全校验; 2:正则校验; 3:json校验]',
  `matchRule` text,
  `apiName` varchar(255) NOT NULL COMMENT '接口名称',
  `apiUri` varchar(255) NOT NULL COMMENT '接口路径',
  `apiMethod` varchar(10) default 'POST' COMMENT '请求方式',
  `apiProtocol` varchar(10) default NULL COMMENT '请求协议',
  PRIMARY KEY  (`id`)
) ENGINE=InnoDB DEFAULT CHARSET=utf8;

-- ----------------------------
-- Records of ams_test_case_item
-- ----------------------------
INSERT INTO `ams_test_case_item` VALUES ('8', '8', '{\"headers\": [{\"headerName\": \"area\", \"headerValue\": \"010\"}], \"apiUri\": \"localhost:8000/test/add?a=1&b=2\", \"apiProtocol\": \"HTTP\", \"apiMethod\": \"GET\", \"requestType\": \"formData\", \"params\": [{\"paramName\": \"a\", \"paramValue\": \"1\"}, {\"paramName\": \"b\", \"paramValue\": \"2\"}]}', null, '200', '3', '[{\"paramKey\":\"sum\",\"matchRule\":1,\"paramInfo\":\"3\"}]', '两个数相加', 'localhost:8000/test/add?a=1&b=2', 'GET', 'HTTP');
INSERT INTO `ams_test_case_item` VALUES ('9', '8', '{\"headers\": [{\"headerName\": \"t\", \"headerValue\": \"t\"}], \"apiUri\": \"localhost:8000/test/sub\", \"apiProtocol\": \"HTTP\", \"apiMethod\": \"GET\", \"requestType\": \"formData\", \"params\": [{\"paramName\": \"a\", \"paramValue\": \"55\"}, {\"paramName\": \"b\", \"paramValue\": \"22\"}]}', null, '200', '1', '3', 'tttt', 'localhost:8000/test/sub', 'GET', 'HTTP');

-- ----------------------------
-- Table structure for ams_test_case_item_result
-- ----------------------------
DROP TABLE IF EXISTS `ams_test_case_item_result`;
CREATE TABLE `ams_test_case_item_result` (
  `id` int(11) NOT NULL auto_increment COMMENT 'id',
  `item_id` int(11) NOT NULL COMMENT '用例条目ID',
  `resultData` text COMMENT '测试结果内容',
  `success` tinyint(1) default '0' COMMENT '测试结果[0:失败; 1:成功]',
  PRIMARY KEY  (`id`)
) ENGINE=InnoDB DEFAULT CHARSET=utf8;

-- ----------------------------
-- Records of ams_test_case_item_result
-- ----------------------------
INSERT INTO `ams_test_case_item_result` VALUES ('1', '8', '{\"url\": \"HTTP://localhost:8000/test/add?a=1&b=2\", \"apiMethod\": \"GET\", \"statusCode\": 200, \"headers\": {\"User-Agent\": \"python-requests/2.18.4\", \"Accept-Encoding\": \"gzip, deflate\", \"Accept\": \"*/*\", \"Connection\": \"keep-alive\", \"area\": \"010\"}, \"params\": {\"a\": \"1\", \"b\": \"2\"}, \"matchType\": 1, \"matchRule\": \"3\", \"returnBody\": \"{\\\"sum\\\": 3}\"}', '0');
INSERT INTO `ams_test_case_item_result` VALUES ('2', '8', '{\"url\": \"HTTP://localhost:8000/test/add?a=1&b=2\", \"apiMethod\": \"GET\", \"statusCode\": 200, \"headers\": {\"User-Agent\": \"python-requests/2.18.4\", \"Accept-Encoding\": \"gzip, deflate\", \"Accept\": \"*/*\", \"Connection\": \"keep-alive\", \"area\": \"010\"}, \"params\": {\"a\": \"1\", \"b\": \"2\"}, \"matchType\": 1, \"matchRule\": \"3\", \"returnBody\": \"{\\\"sum\\\": 3}\"}', '0');
INSERT INTO `ams_test_case_item_result` VALUES ('3', '8', '{\"url\": \"HTTP://localhost:8000/test/add?a=1&b=2\", \"apiMethod\": \"GET\", \"statusCode\": 200, \"headers\": {\"User-Agent\": \"python-requests/2.18.4\", \"Accept-Encoding\": \"gzip, deflate\", \"Accept\": \"*/*\", \"Connection\": \"keep-alive\", \"area\": \"010\"}, \"params\": {\"a\": \"1\", \"b\": \"2\"}, \"matchType\": 1, \"matchRule\": \"3\", \"returnBody\": \"{\\\"sum\\\": 3}\"}', '0');
INSERT INTO `ams_test_case_item_result` VALUES ('4', '8', '{\"url\": \"HTTP://localhost:8000/test/add?a=1&b=2\", \"apiMethod\": \"GET\", \"statusCode\": 200, \"headers\": {\"User-Agent\": \"python-requests/2.18.4\", \"Accept-Encoding\": \"gzip, deflate\", \"Accept\": \"*/*\", \"Connection\": \"keep-alive\", \"area\": \"010\"}, \"params\": {\"a\": \"1\", \"b\": \"2\"}, \"matchType\": 1, \"matchRule\": \"3\", \"returnBody\": \"{\\\"sum\\\": 3}\"}', '0');
INSERT INTO `ams_test_case_item_result` VALUES ('5', '8', '{\"url\": \"HTTP://localhost:8000/test/add?a=1&b=2\", \"apiMethod\": \"GET\", \"statusCode\": 200, \"headers\": {\"User-Agent\": \"python-requests/2.18.4\", \"Accept-Encoding\": \"gzip, deflate\", \"Accept\": \"*/*\", \"Connection\": \"keep-alive\", \"area\": \"010\"}, \"params\": {\"a\": \"1\", \"b\": \"2\"}, \"matchType\": 1, \"matchStatusCode\": \"200\", \"matchRule\": \"3\", \"returnBody\": \"{\\\"sum\\\": 3}\"}', '0');
INSERT INTO `ams_test_case_item_result` VALUES ('6', '9', '{\"url\": \"HTTP://www.baidu.com\", \"apiMethod\": \"POST\", \"statusCode\": 302, \"headers\": {\"User-Agent\": \"python-requests/2.18.4\", \"Accept-Encoding\": \"gzip, deflate\", \"Accept\": \"*/*\", \"Connection\": \"keep-alive\", \"t\": \"t\", \"Content-Length\": \"16\"}, \"params\": {}, \"matchType\": 1, \"matchStatusCode\": \"200\", \"matchRule\": \"rrrrrrrrrrrrrrrr\", \"returnBody\": \"<html>\\r\\n<head>\\r\\n<meta http-equiv=\\\"content-type\\\" content=\\\"text/html;charset=utf-8\\\">\\r\\n<style data-for=\\\"result\\\" id=\\\"css_result\\\">\\r\\nbody{color:#333;background:#fff;padding:6px 0 0;margin:0;position:relative;min-width:900px}body,th,td,.p1,.p2{font-family:arial}p,form,ol,ul,li,dl,dt,dd,h3{margin:0;padding:0;list-style:none}input{padding-top:0;padding-bottom:0;-moz-box-sizing:border-box;-webkit-box-sizing:border-box;box-sizing:border-box}table,img{border:0}td{font-size:9pt;line-height:18px}\\r\\n\\r\\n\\r\\n\\r\\n#foot{font-size:12px}.logo{width:117px;height:38px;cursor:pointer}\\r\\n\\r\\n#u,#head,#tool,#search,.p1{line-height:120%;margin-left:-12pt}.p2{width:100%;line-height:120%;margin-left:-12pt}#wrapper{_zoom:1}#container{word-break:break-all;word-wrap:break-word}.container_s{width:1002px}.container_l{width:1222px}#content_left{width:636px;float:left;padding-left:35px}#content_right{border-left:1px solid #e1e1e1;float:right}.container_s #content_right{width:271px}.container_l #content_right{width:434px}.content_none{padding-left:35px}#u{color:#999;white-space:nowrap;position:absolute;right:10px;top:4px;z-index:299}#u a{color:#00c;margin:0 5px}#u .reg{margin:0}#u .last{margin-right:0}#u .un{font-weight:bold;margin-right:5px}#u ul{width:100%;background:#fff;border:1px solid #9b9b9b}#u li{height:25px}#u li a{width:100%;height:25px;line-height:25px;display:block;text-align:left;text-decoration:none;text-indent:6px;margin:0;filter:none\\\\9}#u li a:hover{background:#ebebeb}#u li.nl{border-top:1px solid #ebebeb}#user{position:relative;display:inline-block}#user_center{position:relative;display:inline-block}#user_center .user_center_btn{margin-right:5px}.userMenu{width:64px;position:absolute;right:7px;_right:2px;top:15px;top:14px\\\\9;*top:15px;padding-top:4px;display:none;*background:#fff}#head{padding-left:35px;margin-bottom:20px;width:900px}\\r\\n\\r\\n.fm{clear:both;position:relative;z-index:297}.nv a,.nv b,.btn,#page,#more{font-size:14px}\\r\\n\\r\\n.s_nav{height:45px}.s_nav .s_logo{margin-right:20px;float:left}.s_nav .s_logo img{border:0;display:block}.s_tab{line-height:18px;padding:20px 0 0;float:left}.s_nav a{color:#00c;font-size:14px}.s_nav b{font-size:14px}.s_ipt_wr{width:536px;height:30px;display:inline-block;margin-right:5px;background-position:0 -96px;border:1px solid #b6b6b6;border-color:#7b7b7b #b6b6b6 #b6b6b6 #7b7b7b;vertical-align:top}.s_ipt{width:523px;height:22px;font:16px/22px arial;margin:5px 0 0 7px;padding:0;background:#fff;border:0;outline:0;-webkit-appearance:none}.s_btn{width:95px;height:32px;padding-top:2px\\\\9;font-size:14px;padding:0;background-color:#ddd;background-position:0 -48px;border:0;cursor:pointer}.s_btn_h{background-position:-240px -48px}.s_btn_wr{width:97px;height:34px;display:inline-block;background-position:-120px -48px;*position:relative;z-index:0;vertical-align:top}.sethf{padding:0;margin:0;font-size:14px}.set_h{display:none;behavior:url(#default#homepage)}.set_f{display:none}.shouji{margin-left:19px}.shouji a{text-decoration:none}.bdsug{position:absolute;width:536px;background:#fff;display:none;border:1px solid #817f82}\\r\\n\\r\\n\\r\\n#page{font:14px arial;white-space:nowrap;padding-left:35px}#page a,#page strong{display:inline-block;vertical-align:text-bottom;height:66px;text-align:center;line-height:34px;text-decoration:none;overflow:hidden;margin-right:9px;background:white}#page a{cursor:pointer}#page a:hover{background:0}#page .n:hover,#page a:hover .pc{background:#f2f8ff;border:1px solid #38f}#page .n{height:34px;padding:0 18px;border:1px solid #e1e2e3}#page span{display:block}#page .pc{width:34px;height:34px;border:1px solid #e1e2e3;cursor:pointer}#page .fk{width:24px;height:24px;margin-bottom:6px;margin-left:6px;cursor:pointer}#page strong .fk,#page strong .pc{cursor:auto}#page .fk .c-icon-bear-pn{top:-3px;position:relative}#page .fkd .c-icon-bear-pn{top:3px;position:relative}#page .fk_cur .c-icon-bear-p{top:-2px;position:relative}#page strong .pc{border:0;width:36px;height:36px;line-height:36px}#page .nums{display:inline-block;vertical-align:text-bottom;height:36px;line-height:36px;margin-left:10px}#rs{width:900px;background:#fff;padding:8px 0;margin:20px 0 0 15px}#rs td{width:5%}#rs th{font-size:14px;font-weight:normal;line-height:19px;white-space:nowrap;text-align:left;vertical-align:top}#rs .tt{font-weight:bold;padding:0 10px 0 20px}#rs_top{font-size:14px;margin-bottom:22px}#rs_top a{margin-right:18px}#search{width:900px;padding:35px 0 16px 35px}#search .s_help{position:relative;top:10px}\\r\\n\\r\\n#foot{height:20px;line-height:20px;color:#77c;background:#e6e6e6;text-align:center}#foot span{color:#666}\\r\\n\\r\\n.to_zhidao,.to_tieba,.to_zhidao_bottom{font-size:16px;line-height:24px;margin:20px 0 0 35px}.to_tieba .c-icon-tieba{float:left}.f{line-height:115%;*line-height:120%;font-size:100%;width:33.7em;word-break:break-all;word-wrap:break-word}.h{margin-left:8px;width:100%}.r{word-break:break-all;cursor:hand;width:238px}.t{font-weight:normal;font-size:medium;margin-bottom:1px}.pl{padding-left:3px;height:8px;padding-right:2px;font-size:14px}.mo,a.mo:link,a.mo:visited{color:#666;font-size:100%;line-height:10px}.htb{margin-bottom:5px}.jc a{color:#c00}a font[size=\\\"3\\\"] font,font[size=\\\"3\\\"] a font{text-decoration:underline}div.blog,div.bbs{color:#707070;padding-top:2px;font-size:13px}.result{width:33.7em;table-layout:fixed}.result-op .f{word-wrap:normal}.nums{font-size:12px;color:#999}.tools{position:absolute;top:10px;white-space:nowrap}\\r\\n\\r\\n#mHolder{width:62px;position:relative;z-index:296;top:-18px;margin-left:9px;margin-right:-12px;display:none}#mCon{height:18px;position:absolute;top:3px;top:6px\\\\9;cursor:pointer;line-height:18px}.wrapper_l #mCon{right:7px}#mCon span{color:#00c;cursor:default;display:block}#mCon .hw{text-decoration:underline;cursor:pointer;display:inline-block}#mCon .pinyin{display:inline-block}#mCon .c-icon-chevron-unfold2{margin-left:5px}#mMenu{width:56px;border:1px solid #9b9b9b;position:absolute;right:7px;top:23px;display:none;background:#fff}#mMenu a{width:100%;height:100%;color:#00c;display:block;line-height:22px;text-indent:6px;text-decoration:none;filter:none\\\\9}#mMenu a:hover{background:#ebebeb}#mMenu .ln{height:1px;background:#ebebeb;overflow:hidden;font-size:1px;line-height:1px;margin-top:-1px}\\r\\n\\r\\n\\r\\n#index_guide{display:none}#index_logo{display:none}#u1{display:none}.s_ipt_wr{height:32px}body{padding:0}.s_form:after,.s_tab:after{content:\\\".\\\";display:block;height:0;clear:both;visibility:hidden}.s_form{zoom:1;height:63px;padding:0 0 0 10px}\\r\\n\\r\\n#result_logo{float:left;margin:11px 6px 0 6px}#result_logo img{width:104px}\\r\\n\\r\\n#head{padding:0;margin:0;width:100%;position:absolute;z-index:301;min-width:1000px;background:#fff;border-bottom:1px solid #ebebeb;position:fixed;_position:absolute}#head .head_wrapper{_width:1000px}#head.s_down{box-shadow:0 0 5px #888}.fm{clear:none;float:left;margin:15px 0 0 12px}#s_tab{background:#f8f8f8;line-height:36px;height:38px;padding:63px 0 0 138px;float:none;zoom:1}#s_tab a,#s_tab b{width:54px;display:inline-block;text-decoration:none;text-align:center;color:#666;font-size:14px}#s_tab b{border-bottom:2px solid #38f;font-weight:bold;color:#323232}#s_tab a:hover{color:#323232}#content_left{width:540px;padding-left:138px;padding-top:5px}#content_right{margin-top:45px}\\r\\n#page{padding:0 0 0 138px;margin:30px 0 40px 0}\\r\\n\\r\\n\\r\\n#help{background:#f5f6f5;zoom:1;padding:0 0 0 50px;float:right}#help a{color:#777;padding:0 15px;text-decoration:none}#help a:hover{color:#333}\\r\\n\\r\\n#foot{background:#f5f6f5;border-top:1px solid #ebebeb;text-align:left;height:42px;line-height:42px}#foot .foot_c{float:left;padding:0 0 0 138px}.content_none{padding:30px 0 0 138px}\\r\\n\\r\\n#mCon{top:5px}\\r\\n\\r\\n.s_ipt_wr.bg,.s_btn_wr.bg,#su.bg{background-image:none}.s_btn_wr{width:auto;height:auto;border-bottom:1px solid transparent;*border-bottom:0}.s_btn{width:100px;height:34px;color:white;letter-spacing:1px;background:#3385ff;border-bottom:1px solid #2d78f4;outline:medium;*border-bottom:0;-webkit-appearance:none;-webkit-border-radius:0}.s_btn.btnhover{background:#317ef3;border-bottom:1px solid #2868c8;*border-bottom:0;box-shadow:1px 1px 1px #ccc}\\r\\n\\r\\n.s_btn_h{background:#3075dc;box-shadow:inset 1px 1px 3px #2964bb;-webkit-box-shadow:inset 1px 1px 3px #2964bb;-moz-box-shadow:inset 1px 1px 3px #2964bb;-o-box-shadow:inset 1px 1px 3px #2964bb}#head .bdsug{top:33px}.bdsug{width:538px;border-color:#ccc;box-shadow:1px 1px 3px #ededed;-webkit-box-shadow:1px 1px 3px #ededed;-moz-box-shadow:1px 1px 3px #ededed;-o-box-shadow:1px 1px 3px #ededed}\\r\\n\\r\\n.bdsug.bdsugbg{background-repeat:no-repeat;background-position:100% 100%;background-size:100px 110px;background-image:url(http://s1.bdstatic.com/r/www/cache/static/home/img/sugbg_6a9201c2.png);background-image:url(http://s1.bdstatic.com/r/www/cache/static/home/img/sugbg_d24a0811.gif)\\\\9}.bdsug li{width:522px;line-height:22px}.bdsug li.bdsug-s{background:#f0f0f0}.bdsug-ala h3{margin:8px 0 5px 0}#wrapper_wrapper .container_l .EC_ppim_top,#wrapper_wrapper .container_xl .EC_ppim_top{width:640px}#wrapper_wrapper .container_s .EC_ppim_top{width:570px}#head .c-icon-bear-round{display:none}.container_l #content_right{width:384px}.container_l{width:1212px}.container_xl #content_right{width:384px}.container_xl{width:1257px}.index_tab_top{display:none}.index_tab_bottom{display:none}#lg{display:none}#m{display:none}#ftCon{display:none}#ent_sug{margin:40px 0 0 145px;font-size:13px;color:#666}.c-icon{background:url(http://s1.bdstatic.com/r/www/cache/static/global/img/icons_3bfb8e45.png) no-repeat 0 0;_background-image:url(\\\"http://s1.bdstatic.com/r/www/cache/static/global/img/icons_f72fb1cc.gif\\\")}\\r\\n\\r\\n\\r\\n\\r\\n</style>\\r\\n<meta http-equiv=\\\"X-UA-Compatible\\\" content=\\\"IE=Edge\\\">\\r\\n<title>\\u9875\\u9762\\u4e0d\\u5b58\\u5728_\\u767e\\u5ea6\\u641c\\u7d22</title>\\r\\n\\r\\n<style data-for=\\\"debug\\\">\\r\\n\\t#debug{display:none!important}\\r\\n</style>\\r\\n\\r\\n<style data-for=\\\"result\\\" id=\\\"css_index_result\\\">\\r\\n#seth{display:none;behavior:url(#default#homepage)}#setf{display:none}#sekj{margin-left:14px}#st,#sekj{display:none}.s_ipt_wr{border:1px solid #b6b6b6;border-color:#7b7b7b #b6b6b6 #b6b6b6 #7b7b7b;background:#fff;display:inline-block;vertical-align:top;width:539px;margin-right:0;border-right-width:0;border-color:#b8b8b8 transparent #ccc #b8b8b8}/*.wrapper_s .s_ipt_wr{width:439px}*//*.wrapper_s .s_ipt{width:434px}*/.s_ipt_wr:hover,.s_ipt_wr.ipthover{border-color:#999 transparent #b3b3b3 #999}.s_ipt_wr.iptfocus{border-color:#4791ff transparent #4791ff #4791ff}.s_ipt_tip{color:#aaa;position:absolute}.s_ipt{width:526px;height:22px;font:16px/22px arial;margin:6px 0 0 7px;padding:0;background:transparent;border:0;outline:0;-webkit-appearance:none}#kw{position:relative}.bdpfmenu,.usermenu{border:1px solid #d1d1d1;position:absolute;width:105px;top:36px;padding:1px 0;z-index:302;overflow:hidden;box-shadow:1px 1px 5px #d1d1d1;-webkit-box-shadow:1px 1px 5px #d1d1d1;-moz-box-shadow:1px 1px 5px #d1d1d1;-o-box-shadow:1px 1px 5px #d1d1d1}\\r\\n.bdpfmenu{font-size:12px}.bdpfmenu a,.usermenu a{display:block;text-align:left;margin:0!important;padding:0 9px;line-height:26px;text-decoration:none}\\r\\n\\r\\n#u .bri:hover,#u .bri.brihover{background-position:-18px 3px}#mCon #imeSIcon{background-position:-408px -144px;margin-left:0}#mCon span{color:#333}.bdpfmenu a:link,.bdpfmenu a:visited,#u .usermenu a:link,#u .usermenu a:visited{background:white;color:#333}.bdpfmenu a:hover,.bdpfmenu a:active,#u .usermenu a:hover,#u .usermenu a:active{background:#38f;text-decoration:none;color:white}.bdpfmenu{width:70px}.usermenu{width:68px;right:8px}#wrapper .bdnuarrow{width:24px;height:13px;position:absolute;z-index:303;top:24px;background:url(http://s1.bdstatic.com/r/www/cache/static/home/img/sugbg_6a9201c2.png) no-repeat -90px -1px;background-size:300px 21px;background-image:url(http://s1.bdstatic.com/r/www/cache/static/home/img/icons_0a1fc6ac.gif)\\\\9}#prefpanel{background:#fafafa;display:none;opacity:0;position:fixed;_position:absolute;top:-359px;z-index:500;width:100%;min-width:960px;height:359px;border-bottom:1px solid #ebebeb}#prefpanel form{_width:850px}#kw_tip{cursor:default;display:none}#bds-message-wrapper{top:43px}\\r\\n\\r\\ninput::-ms-clear{display:none}\\r\\n</style>\\r\\n\\r\\n</head>\\r\\n\\r\\n<body link=\\\"#0000cc\\\">\\r\\n<div id=\\\"wrapper\\\" style=\\\"\\\" class=\\\"wrapper_s\\\">\\r\\n\\r\\n <div id=\\\"head\\\"> <div class=\\\"head_wrapper\\\"> <div class=\\\"s_form\\\"> <div class=\\\"s_form_wrapper\\\"> <div id=\\\"lg\\\"> <img hidefocus=\\\"true\\\" src=\\\"//www.baidu.com/img/bd_logo1.png\\\" width=\\\"270\\\" height=\\\"129\\\"> </div> <a href=\\\"/\\\" id=\\\"result_logo\\\" onmousedown=\\\"return c({\'fm\':\'tab\',\'tab\':\'logo\'})\\\"> <img src=\\\"//www.baidu.com/img/baidu_jgylogo3.gif\\\" alt=\\\"\\u5230\\u767e\\u5ea6\\u9996\\u9875\\\" title=\\\"\\u5230\\u767e\\u5ea6\\u9996\\u9875\\\"> </a> <form id=\\\"form\\\" name=\\\"f\\\" action=\\\"/s\\\" class=\\\"fm\\\"> <input type=\\\"hidden\\\" name=\\\"ie\\\" value=\\\"utf-8\\\"> <input type=\\\"hidden\\\" name=\\\"f\\\" value=\\\"8\\\"> <input type=\\\"hidden\\\" name=\\\"rsv_bp\\\" value=\\\"1\\\"> <input type=\\\"hidden\\\" name=\\\"rsv_idx\\\" value=\\\"1\\\"> <input type=\\\"hidden\\\" name=\\\"ch\\\" value=\\\"\\\"> <input type=\\\"hidden\\\" name=\\\"tn\\\" value=\\\"baiduerr\\\"> <input type=\\\"hidden\\\" name=\\\"bar\\\" value=\\\"\\\"> <span class=\\\"bg s_ipt_wr\\\"> <input id=\\\"kw_tip\\\" unselectable=\\\"on\\\" onselectstart=\\\"return false;\\\" class=\\\"s_ipt s_ipt_tip\\\" disabled=\\\"\\\" autocomplete=\\\"off\\\" value=\\\"\\\" maxlength=\\\"100\\\" style=\\\"display: none;\\\"> <input id=\\\"kw\\\" name=\\\"wd\\\" class=\\\"s_ipt\\\" value=\\\"\\\" maxlength=\\\"100\\\" autocomplete=\\\"off\\\"> </span><span class=\\\"bg s_btn_wr\\\"> <input type=\\\"submit\\\" id=\\\"su\\\" value=\\\"\\u767e\\u5ea6\\u4e00\\u4e0b\\\" class=\\\"bg s_btn\\\"> </span><span class=\\\"tools\\\"> <span id=\\\"mHolder\\\"> <div id=\\\"mCon\\\"> <span>\\u8f93\\u5165\\u6cd5</span> </div> <ul id=\\\"mMenu\\\"> <li><a href=\\\"javascript:;\\\" name=\\\"ime_hw\\\">\\u624b\\u5199</a> </li> <li><a href=\\\"javascript:;\\\" name=\\\"ime_py\\\">\\u62fc\\u97f3</a> </li> <li class=\\\"ln\\\"></li> <li><a href=\\\"javascript:;\\\" name=\\\"ime_cl\\\">\\u5173\\u95ed</a> </li> </ul> </span> <span class=\\\"shouji\\\" style=\\\"display: none;\\\"><a href=\\\"http://w.x.baidu.com/go/mini/8/10000020\\\" onmousedown=\\\"return ns_c({\'fm\':\'behs\',\'tab\':\'bdbrowser\'})\\\">\\u767e\\u5ea6\\u6d4f\\u89c8\\u5668\\uff0c\\u6253\\u5f00\\u7f51\\u9875\\u5feb2\\u79d2\\uff01</a> </span> </span> <input type=\\\"hidden\\\" name=\\\"rn\\\" value=\\\"\\\"> <input type=\\\"hidden\\\" name=\\\"rsv_enter\\\" value=\\\"1\\\"> </form> <div id=\\\"m\\\"></div> </div></div> </div></div> <div class=\\\"s_tab\\\" id=\\\"s_tab\\\"> <b>\\u7f51\\u9875</b> <a href=\\\"http://news.baidu.com/ns?cl=2&amp;rn=20&amp;tn=news&amp;word=\\\" wdfield=\\\"word\\\" onmousedown=\\\"return c({\'fm\':\'tab\',\'tab\':\'news\'})\\\">\\u65b0\\u95fb</a><a href=\\\"http://tieba.baidu.com/f?kw=&amp;fr=wwwt\\\" wdfield=\\\"kw\\\" onmousedown=\\\"return c({\'fm\':\'tab\',\'tab\':\'tieba\'})\\\">\\u8d34\\u5427</a><a href=\\\"http://zhidao.baidu.com/q?ct=17&amp;pn=0&amp;tn=ikaslist&amp;rn=10&amp;word=&amp;fr=wwwt\\\" wdfield=\\\"word\\\" onmousedown=\\\"return c({\'fm\':\'tab\',\'tab\':\'zhidao\'})\\\">\\u77e5\\u9053</a><a href=\\\"http://music.baidu.com/search?fr=ps&amp;key=\\\" wdfield=\\\"key\\\" onmousedown=\\\"return c({\'fm\':\'tab\',\'tab\':\'music\'})\\\">\\u97f3\\u4e50</a><a href=\\\"http://image.baidu.com/i?tn=baiduimage&amp;ps=1&amp;ct=201326592&amp;lm=-1&amp;cl=2&amp;nc=1&amp;word=\\\" wdfield=\\\"word\\\" onmousedown=\\\"return c({\'fm\':\'tab\',\'tab\':\'pic\'})\\\">\\u56fe\\u7247</a><a href=\\\"http://v.baidu.com/v?ct=301989888&amp;rn=20&amp;pn=0&amp;db=0&amp;s=25&amp;word=\\\" wdfield=\\\"word\\\" onmousedown=\\\"return c({\'fm\':\'tab\',\'tab\':\'video\'})\\\">\\u89c6\\u9891</a><a href=\\\"http://map.baidu.com/m?word=&amp;fr=ps01000\\\" wdfield=\\\"word\\\" onmousedown=\\\"return c({\'fm\':\'tab\',\'tab\':\'map\'})\\\">\\u5730\\u56fe</a><a href=\\\"http://wenku.baidu.com/search?word=&amp;lm=0&amp;od=0\\\" wdfield=\\\"word\\\" onmousedown=\\\"return c({\'fm\':\'tab\',\'tab\':\'wenku\'})\\\">\\u6587\\u5e93</a><a href=\\\"//www.baidu.com/more/\\\" onmousedown=\\\"return c({\'fm\':\'tab\',\'tab\':\'more\'})\\\">\\u66f4\\u591a\\u00bb</a> </div>\\r\\n<div id=\\\"ftCon\\\"><div id=\\\"ftConw\\\"><p id=\\\"lh\\\"> <a id=\\\"seth\\\" onclick=\\\"h(this)\\\" href=\\\"/\\\" onmousedown=\\\"return ns_c({\'fm\':\'behs\',\'tab\':\'homepage\',\'pos\':0})\\\">\\u628a\\u767e\\u5ea6\\u8bbe\\u4e3a\\u4e3b\\u9875</a><a id=\\\"setf\\\" href=\\\"http://www.baidu.com/cache/sethelp/index.html\\\" onmousedown=\\\"return ns_c({\'fm\':\'behs\',\'tab\':\'favorites\',\'pos\':0})\\\" target=\\\"_blank\\\" style=\\\"display: inline;\\\">\\u628a\\u767e\\u5ea6\\u8bbe\\u4e3a\\u4e3b\\u9875</a><a onmousedown=\\\"return ns_c({\'fm\':\'behs\',\'tab\':\'tj_about\'})\\\" href=\\\"http://home.baidu.com\\\">\\u5173\\u4e8e\\u767e\\u5ea6</a><a onmousedown=\\\"return ns_c({\'fm\':\'behs\',\'tab\':\'tj_about_en\'})\\\" href=\\\"http://ir.baidu.com\\\">About Baidu</a> </p> <p id=\\\"cp\\\">\\u00a92014&nbsp;Baidu&nbsp;<a href=\\\"/duty/\\\" name=\\\"tj_duty\\\">\\u4f7f\\u7528\\u767e\\u5ea6\\u524d\\u5fc5\\u8bfb</a>&nbsp;\\u4eacICP\\u8bc1030173\\u53f7&nbsp;<i class=\\\"c-icon-icrlogo\\\"></i> </p> </div> </div>\\r\\n<div id=\\\"wrapper_wrapper\\\" style=\\\"display: block;\\\">\\r\\n\\t<style>\\r\\n\\t\\t\\t.nors{\\r\\n\\t\\t\\t\\tposition: relative;\\r\\n\\t\\t\\t}\\r\\n\\t\\t\\t.norsTitle{\\r\\n\\t\\t\\t\\tfont-size: 22px;\\r\\n\\t\\t\\t\\tfont-family: Microsoft Yahei;\\r\\n\\t\\t\\t\\tfont-weight: normal;\\r\\n\\t\\t\\t\\tcolor: #333;\\r\\n\\t\\t\\t\\tmargin: 35px 0 25px 0;\\r\\n\\t\\t\\t}\\r\\n\\t\\t\\t.norsSuggest {\\r\\n\\t\\t\\t\\tdisplay: inline-block;\\r\\n\\t\\t\\t\\tcolor:#333;\\r\\n\\t\\t\\t\\tfont-family:arial;\\r\\n\\t\\t\\t\\tfont-size: 13px;\\r\\n\\t\\t\\t\\tposition: relative;\\r\\n\\t\\t\\t}\\r\\n\\r\\n\\t\\t\\t.norsSuggest li{\\r\\n\\t\\t\\t\\tlist-style: decimal;\\r\\n\\t\\t\\t}\\r\\n\\t\\t\\t.norsTitle2 {\\r\\n\\t\\t\\t\\tfont-family: arial;\\r\\n\\t\\t\\t\\tfont-size: 13px;\\r\\n\\t\\t\\t\\tcolor: #666;\\t\\r\\n\\t\\t\\t}\\r\\n\\t\\t\\t.norsSuggest li{\\r\\n\\t\\t\\t\\tmargin: 13px 0;\\r\\n\\t\\t\\t}\\r\\n\\t\\t\\t.norsSuggest ol{\\r\\n\\t\\t\\t\\tmargin-left: 47px;\\r\\n\\t\\t\\t}\\r\\n\\t\\t\\t#foot{\\r\\n\\t\\t\\t\\tposition: fixed;\\r\\n\\t\\t\\t\\t_position: absolute;\\r\\n\\t\\t\\t\\tbottom: 0;\\r\\n\\t\\t\\t\\twidth: 100%;\\r\\n\\t\\t\\t\\tclear: both;\\r\\n\\t\\t\\t}\\r\\n\\t</style>\\r\\n\\t<div id=\\\"content_left\\\">\\r\\n\\t\\t<div class=\\\"nors\\\">\\r\\n\\t\\t\\t<div class=\\\"norsSuggest\\\">\\r\\n\\t\\t\\t\\t<h3 class=\\\"norsTitle\\\">\\u5f88\\u62b1\\u6b49\\uff0c\\u60a8\\u8981\\u8bbf\\u95ee\\u7684\\u9875\\u9762\\u4e0d\\u5b58\\u5728\\uff01</h3>\\r\\n\\t\\t\\t\\t<p class=\\\"norsTitle2\\\">\\u6e29\\u99a8\\u63d0\\u793a\\uff1a</p>\\r\\n\\t\\t\\t\\t<ol>\\r\\n\\t\\t\\t\\t\\t<li>\\u8bf7\\u68c0\\u67e5\\u60a8\\u8bbf\\u95ee\\u7684\\u7f51\\u5740\\u662f\\u5426\\u6b63\\u786e</li> \\r\\n\\t\\t\\t\\t\\t<li>\\u5982\\u679c\\u60a8\\u4e0d\\u80fd\\u786e\\u8ba4\\u8bbf\\u95ee\\u7684\\u7f51\\u5740\\uff0c\\u8bf7\\u6d4f\\u89c8<a href=\\\"http://www.baidu.com/more/index.html\\\">\\u767e\\u5ea6\\u66f4\\u591a</a>\\u9875\\u9762\\u67e5\\u770b\\u66f4\\u591a\\u7f51\\u5740\\u3002</li>\\r\\n\\t\\t\\t\\t\\t<li>\\u56de\\u5230\\u9876\\u90e8\\u91cd\\u65b0\\u53d1\\u8d77\\u641c\\u7d22</li>\\r\\n\\t\\t\\t\\t\\t<li>\\u5982\\u6709\\u4efb\\u4f55\\u610f\\u89c1\\u6216\\u5efa\\u8bae\\uff0c\\u8bf7\\u53ca\\u65f6<a href=\\\"http://qingting.baidu.com/index\\\">\\u53cd\\u9988\\u7ed9\\u6211\\u4eec</a>\\u3002</li>\\r\\n\\t\\t\\t\\t\\t\\r\\n\\r\\n\\t\\t\\t\\t</ol>\\r\\n\\t\\t\\t</div>\\r\\n\\t\\t</div>\\r\\n\\t</div>\\r\\n\\r\\n<div id=\\\"foot\\\"><span class=\\\"foot_c\\\">\\u00a92015&nbsp;Baidu&nbsp;<span>\\u6b64\\u5185\\u5bb9\\u7cfb\\u767e\\u5ea6\\u6839\\u636e\\u60a8\\u7684\\u6307\\u4ee4\\u81ea\\u52a8\\u641c\\u7d22\\u7684\\u7ed3\\u679c\\uff0c\\u4e0d\\u4ee3\\u8868\\u767e\\u5ea6\\u8d5e\\u6210\\u88ab\\u641c\\u7d22\\u7f51\\u7ad9\\u7684\\u5185\\u5bb9\\u6216\\u7acb\\u573a</span></span>\\r\\n<span id=\\\"help\\\"><a href=\\\"http://www.baidu.com/search/jubao.html\\\" target=\\\"_blank\\\">\\u4e3e\\u62a5</a></span></div>\\r\\n\\r\\n<div class=\\\"c-tips-container\\\" id=\\\"c-tips-container\\\"></div></div></div><div class=\\\"c-tips-container\\\" id=\\\"c-tips-container\\\"></div>\\r\\n\\r\\n</body></html>\"}', '0');
INSERT INTO `ams_test_case_item_result` VALUES ('7', '9', '{\"url\": \"HTTP://www.baidu.com\", \"apiMethod\": \"POST\", \"statusCode\": 302, \"headers\": {\"User-Agent\": \"python-requests/2.18.4\", \"Accept-Encoding\": \"gzip, deflate\", \"Accept\": \"*/*\", \"Connection\": \"keep-alive\", \"t\": \"t\", \"Content-Length\": \"16\"}, \"requestType\": \"raw\", \"raw\": \"rrrrrrrrrrrrrrrr\", \"params\": {}, \"matchType\": 1, \"matchStatusCode\": \"200\", \"matchRule\": \"rrrrrrrrrrrrrrrr\", \"returnBody\": \"<html>\\r\\n<head>\\r\\n<meta http-equiv=\\\"content-type\\\" content=\\\"text/html;charset=utf-8\\\">\\r\\n<style data-for=\\\"result\\\" id=\\\"css_result\\\">\\r\\nbody{color:#333;background:#fff;padding:6px 0 0;margin:0;position:relative;min-width:900px}body,th,td,.p1,.p2{font-family:arial}p,form,ol,ul,li,dl,dt,dd,h3{margin:0;padding:0;list-style:none}input{padding-top:0;padding-bottom:0;-moz-box-sizing:border-box;-webkit-box-sizing:border-box;box-sizing:border-box}table,img{border:0}td{font-size:9pt;line-height:18px}\\r\\n\\r\\n\\r\\n\\r\\n#foot{font-size:12px}.logo{width:117px;height:38px;cursor:pointer}\\r\\n\\r\\n#u,#head,#tool,#search,.p1{line-height:120%;margin-left:-12pt}.p2{width:100%;line-height:120%;margin-left:-12pt}#wrapper{_zoom:1}#container{word-break:break-all;word-wrap:break-word}.container_s{width:1002px}.container_l{width:1222px}#content_left{width:636px;float:left;padding-left:35px}#content_right{border-left:1px solid #e1e1e1;float:right}.container_s #content_right{width:271px}.container_l #content_right{width:434px}.content_none{padding-left:35px}#u{color:#999;white-space:nowrap;position:absolute;right:10px;top:4px;z-index:299}#u a{color:#00c;margin:0 5px}#u .reg{margin:0}#u .last{margin-right:0}#u .un{font-weight:bold;margin-right:5px}#u ul{width:100%;background:#fff;border:1px solid #9b9b9b}#u li{height:25px}#u li a{width:100%;height:25px;line-height:25px;display:block;text-align:left;text-decoration:none;text-indent:6px;margin:0;filter:none\\\\9}#u li a:hover{background:#ebebeb}#u li.nl{border-top:1px solid #ebebeb}#user{position:relative;display:inline-block}#user_center{position:relative;display:inline-block}#user_center .user_center_btn{margin-right:5px}.userMenu{width:64px;position:absolute;right:7px;_right:2px;top:15px;top:14px\\\\9;*top:15px;padding-top:4px;display:none;*background:#fff}#head{padding-left:35px;margin-bottom:20px;width:900px}\\r\\n\\r\\n.fm{clear:both;position:relative;z-index:297}.nv a,.nv b,.btn,#page,#more{font-size:14px}\\r\\n\\r\\n.s_nav{height:45px}.s_nav .s_logo{margin-right:20px;float:left}.s_nav .s_logo img{border:0;display:block}.s_tab{line-height:18px;padding:20px 0 0;float:left}.s_nav a{color:#00c;font-size:14px}.s_nav b{font-size:14px}.s_ipt_wr{width:536px;height:30px;display:inline-block;margin-right:5px;background-position:0 -96px;border:1px solid #b6b6b6;border-color:#7b7b7b #b6b6b6 #b6b6b6 #7b7b7b;vertical-align:top}.s_ipt{width:523px;height:22px;font:16px/22px arial;margin:5px 0 0 7px;padding:0;background:#fff;border:0;outline:0;-webkit-appearance:none}.s_btn{width:95px;height:32px;padding-top:2px\\\\9;font-size:14px;padding:0;background-color:#ddd;background-position:0 -48px;border:0;cursor:pointer}.s_btn_h{background-position:-240px -48px}.s_btn_wr{width:97px;height:34px;display:inline-block;background-position:-120px -48px;*position:relative;z-index:0;vertical-align:top}.sethf{padding:0;margin:0;font-size:14px}.set_h{display:none;behavior:url(#default#homepage)}.set_f{display:none}.shouji{margin-left:19px}.shouji a{text-decoration:none}.bdsug{position:absolute;width:536px;background:#fff;display:none;border:1px solid #817f82}\\r\\n\\r\\n\\r\\n#page{font:14px arial;white-space:nowrap;padding-left:35px}#page a,#page strong{display:inline-block;vertical-align:text-bottom;height:66px;text-align:center;line-height:34px;text-decoration:none;overflow:hidden;margin-right:9px;background:white}#page a{cursor:pointer}#page a:hover{background:0}#page .n:hover,#page a:hover .pc{background:#f2f8ff;border:1px solid #38f}#page .n{height:34px;padding:0 18px;border:1px solid #e1e2e3}#page span{display:block}#page .pc{width:34px;height:34px;border:1px solid #e1e2e3;cursor:pointer}#page .fk{width:24px;height:24px;margin-bottom:6px;margin-left:6px;cursor:pointer}#page strong .fk,#page strong .pc{cursor:auto}#page .fk .c-icon-bear-pn{top:-3px;position:relative}#page .fkd .c-icon-bear-pn{top:3px;position:relative}#page .fk_cur .c-icon-bear-p{top:-2px;position:relative}#page strong .pc{border:0;width:36px;height:36px;line-height:36px}#page .nums{display:inline-block;vertical-align:text-bottom;height:36px;line-height:36px;margin-left:10px}#rs{width:900px;background:#fff;padding:8px 0;margin:20px 0 0 15px}#rs td{width:5%}#rs th{font-size:14px;font-weight:normal;line-height:19px;white-space:nowrap;text-align:left;vertical-align:top}#rs .tt{font-weight:bold;padding:0 10px 0 20px}#rs_top{font-size:14px;margin-bottom:22px}#rs_top a{margin-right:18px}#search{width:900px;padding:35px 0 16px 35px}#search .s_help{position:relative;top:10px}\\r\\n\\r\\n#foot{height:20px;line-height:20px;color:#77c;background:#e6e6e6;text-align:center}#foot span{color:#666}\\r\\n\\r\\n.to_zhidao,.to_tieba,.to_zhidao_bottom{font-size:16px;line-height:24px;margin:20px 0 0 35px}.to_tieba .c-icon-tieba{float:left}.f{line-height:115%;*line-height:120%;font-size:100%;width:33.7em;word-break:break-all;word-wrap:break-word}.h{margin-left:8px;width:100%}.r{word-break:break-all;cursor:hand;width:238px}.t{font-weight:normal;font-size:medium;margin-bottom:1px}.pl{padding-left:3px;height:8px;padding-right:2px;font-size:14px}.mo,a.mo:link,a.mo:visited{color:#666;font-size:100%;line-height:10px}.htb{margin-bottom:5px}.jc a{color:#c00}a font[size=\\\"3\\\"] font,font[size=\\\"3\\\"] a font{text-decoration:underline}div.blog,div.bbs{color:#707070;padding-top:2px;font-size:13px}.result{width:33.7em;table-layout:fixed}.result-op .f{word-wrap:normal}.nums{font-size:12px;color:#999}.tools{position:absolute;top:10px;white-space:nowrap}\\r\\n\\r\\n#mHolder{width:62px;position:relative;z-index:296;top:-18px;margin-left:9px;margin-right:-12px;display:none}#mCon{height:18px;position:absolute;top:3px;top:6px\\\\9;cursor:pointer;line-height:18px}.wrapper_l #mCon{right:7px}#mCon span{color:#00c;cursor:default;display:block}#mCon .hw{text-decoration:underline;cursor:pointer;display:inline-block}#mCon .pinyin{display:inline-block}#mCon .c-icon-chevron-unfold2{margin-left:5px}#mMenu{width:56px;border:1px solid #9b9b9b;position:absolute;right:7px;top:23px;display:none;background:#fff}#mMenu a{width:100%;height:100%;color:#00c;display:block;line-height:22px;text-indent:6px;text-decoration:none;filter:none\\\\9}#mMenu a:hover{background:#ebebeb}#mMenu .ln{height:1px;background:#ebebeb;overflow:hidden;font-size:1px;line-height:1px;margin-top:-1px}\\r\\n\\r\\n\\r\\n#index_guide{display:none}#index_logo{display:none}#u1{display:none}.s_ipt_wr{height:32px}body{padding:0}.s_form:after,.s_tab:after{content:\\\".\\\";display:block;height:0;clear:both;visibility:hidden}.s_form{zoom:1;height:63px;padding:0 0 0 10px}\\r\\n\\r\\n#result_logo{float:left;margin:11px 6px 0 6px}#result_logo img{width:104px}\\r\\n\\r\\n#head{padding:0;margin:0;width:100%;position:absolute;z-index:301;min-width:1000px;background:#fff;border-bottom:1px solid #ebebeb;position:fixed;_position:absolute}#head .head_wrapper{_width:1000px}#head.s_down{box-shadow:0 0 5px #888}.fm{clear:none;float:left;margin:15px 0 0 12px}#s_tab{background:#f8f8f8;line-height:36px;height:38px;padding:63px 0 0 138px;float:none;zoom:1}#s_tab a,#s_tab b{width:54px;display:inline-block;text-decoration:none;text-align:center;color:#666;font-size:14px}#s_tab b{border-bottom:2px solid #38f;font-weight:bold;color:#323232}#s_tab a:hover{color:#323232}#content_left{width:540px;padding-left:138px;padding-top:5px}#content_right{margin-top:45px}\\r\\n#page{padding:0 0 0 138px;margin:30px 0 40px 0}\\r\\n\\r\\n\\r\\n#help{background:#f5f6f5;zoom:1;padding:0 0 0 50px;float:right}#help a{color:#777;padding:0 15px;text-decoration:none}#help a:hover{color:#333}\\r\\n\\r\\n#foot{background:#f5f6f5;border-top:1px solid #ebebeb;text-align:left;height:42px;line-height:42px}#foot .foot_c{float:left;padding:0 0 0 138px}.content_none{padding:30px 0 0 138px}\\r\\n\\r\\n#mCon{top:5px}\\r\\n\\r\\n.s_ipt_wr.bg,.s_btn_wr.bg,#su.bg{background-image:none}.s_btn_wr{width:auto;height:auto;border-bottom:1px solid transparent;*border-bottom:0}.s_btn{width:100px;height:34px;color:white;letter-spacing:1px;background:#3385ff;border-bottom:1px solid #2d78f4;outline:medium;*border-bottom:0;-webkit-appearance:none;-webkit-border-radius:0}.s_btn.btnhover{background:#317ef3;border-bottom:1px solid #2868c8;*border-bottom:0;box-shadow:1px 1px 1px #ccc}\\r\\n\\r\\n.s_btn_h{background:#3075dc;box-shadow:inset 1px 1px 3px #2964bb;-webkit-box-shadow:inset 1px 1px 3px #2964bb;-moz-box-shadow:inset 1px 1px 3px #2964bb;-o-box-shadow:inset 1px 1px 3px #2964bb}#head .bdsug{top:33px}.bdsug{width:538px;border-color:#ccc;box-shadow:1px 1px 3px #ededed;-webkit-box-shadow:1px 1px 3px #ededed;-moz-box-shadow:1px 1px 3px #ededed;-o-box-shadow:1px 1px 3px #ededed}\\r\\n\\r\\n.bdsug.bdsugbg{background-repeat:no-repeat;background-position:100% 100%;background-size:100px 110px;background-image:url(http://s1.bdstatic.com/r/www/cache/static/home/img/sugbg_6a9201c2.png);background-image:url(http://s1.bdstatic.com/r/www/cache/static/home/img/sugbg_d24a0811.gif)\\\\9}.bdsug li{width:522px;line-height:22px}.bdsug li.bdsug-s{background:#f0f0f0}.bdsug-ala h3{margin:8px 0 5px 0}#wrapper_wrapper .container_l .EC_ppim_top,#wrapper_wrapper .container_xl .EC_ppim_top{width:640px}#wrapper_wrapper .container_s .EC_ppim_top{width:570px}#head .c-icon-bear-round{display:none}.container_l #content_right{width:384px}.container_l{width:1212px}.container_xl #content_right{width:384px}.container_xl{width:1257px}.index_tab_top{display:none}.index_tab_bottom{display:none}#lg{display:none}#m{display:none}#ftCon{display:none}#ent_sug{margin:40px 0 0 145px;font-size:13px;color:#666}.c-icon{background:url(http://s1.bdstatic.com/r/www/cache/static/global/img/icons_3bfb8e45.png) no-repeat 0 0;_background-image:url(\\\"http://s1.bdstatic.com/r/www/cache/static/global/img/icons_f72fb1cc.gif\\\")}\\r\\n\\r\\n\\r\\n\\r\\n</style>\\r\\n<meta http-equiv=\\\"X-UA-Compatible\\\" content=\\\"IE=Edge\\\">\\r\\n<title>\\u9875\\u9762\\u4e0d\\u5b58\\u5728_\\u767e\\u5ea6\\u641c\\u7d22</title>\\r\\n\\r\\n<style data-for=\\\"debug\\\">\\r\\n\\t#debug{display:none!important}\\r\\n</style>\\r\\n\\r\\n<style data-for=\\\"result\\\" id=\\\"css_index_result\\\">\\r\\n#seth{display:none;behavior:url(#default#homepage)}#setf{display:none}#sekj{margin-left:14px}#st,#sekj{display:none}.s_ipt_wr{border:1px solid #b6b6b6;border-color:#7b7b7b #b6b6b6 #b6b6b6 #7b7b7b;background:#fff;display:inline-block;vertical-align:top;width:539px;margin-right:0;border-right-width:0;border-color:#b8b8b8 transparent #ccc #b8b8b8}/*.wrapper_s .s_ipt_wr{width:439px}*//*.wrapper_s .s_ipt{width:434px}*/.s_ipt_wr:hover,.s_ipt_wr.ipthover{border-color:#999 transparent #b3b3b3 #999}.s_ipt_wr.iptfocus{border-color:#4791ff transparent #4791ff #4791ff}.s_ipt_tip{color:#aaa;position:absolute}.s_ipt{width:526px;height:22px;font:16px/22px arial;margin:6px 0 0 7px;padding:0;background:transparent;border:0;outline:0;-webkit-appearance:none}#kw{position:relative}.bdpfmenu,.usermenu{border:1px solid #d1d1d1;position:absolute;width:105px;top:36px;padding:1px 0;z-index:302;overflow:hidden;box-shadow:1px 1px 5px #d1d1d1;-webkit-box-shadow:1px 1px 5px #d1d1d1;-moz-box-shadow:1px 1px 5px #d1d1d1;-o-box-shadow:1px 1px 5px #d1d1d1}\\r\\n.bdpfmenu{font-size:12px}.bdpfmenu a,.usermenu a{display:block;text-align:left;margin:0!important;padding:0 9px;line-height:26px;text-decoration:none}\\r\\n\\r\\n#u .bri:hover,#u .bri.brihover{background-position:-18px 3px}#mCon #imeSIcon{background-position:-408px -144px;margin-left:0}#mCon span{color:#333}.bdpfmenu a:link,.bdpfmenu a:visited,#u .usermenu a:link,#u .usermenu a:visited{background:white;color:#333}.bdpfmenu a:hover,.bdpfmenu a:active,#u .usermenu a:hover,#u .usermenu a:active{background:#38f;text-decoration:none;color:white}.bdpfmenu{width:70px}.usermenu{width:68px;right:8px}#wrapper .bdnuarrow{width:24px;height:13px;position:absolute;z-index:303;top:24px;background:url(http://s1.bdstatic.com/r/www/cache/static/home/img/sugbg_6a9201c2.png) no-repeat -90px -1px;background-size:300px 21px;background-image:url(http://s1.bdstatic.com/r/www/cache/static/home/img/icons_0a1fc6ac.gif)\\\\9}#prefpanel{background:#fafafa;display:none;opacity:0;position:fixed;_position:absolute;top:-359px;z-index:500;width:100%;min-width:960px;height:359px;border-bottom:1px solid #ebebeb}#prefpanel form{_width:850px}#kw_tip{cursor:default;display:none}#bds-message-wrapper{top:43px}\\r\\n\\r\\ninput::-ms-clear{display:none}\\r\\n</style>\\r\\n\\r\\n</head>\\r\\n\\r\\n<body link=\\\"#0000cc\\\">\\r\\n<div id=\\\"wrapper\\\" style=\\\"\\\" class=\\\"wrapper_s\\\">\\r\\n\\r\\n <div id=\\\"head\\\"> <div class=\\\"head_wrapper\\\"> <div class=\\\"s_form\\\"> <div class=\\\"s_form_wrapper\\\"> <div id=\\\"lg\\\"> <img hidefocus=\\\"true\\\" src=\\\"//www.baidu.com/img/bd_logo1.png\\\" width=\\\"270\\\" height=\\\"129\\\"> </div> <a href=\\\"/\\\" id=\\\"result_logo\\\" onmousedown=\\\"return c({\'fm\':\'tab\',\'tab\':\'logo\'})\\\"> <img src=\\\"//www.baidu.com/img/baidu_jgylogo3.gif\\\" alt=\\\"\\u5230\\u767e\\u5ea6\\u9996\\u9875\\\" title=\\\"\\u5230\\u767e\\u5ea6\\u9996\\u9875\\\"> </a> <form id=\\\"form\\\" name=\\\"f\\\" action=\\\"/s\\\" class=\\\"fm\\\"> <input type=\\\"hidden\\\" name=\\\"ie\\\" value=\\\"utf-8\\\"> <input type=\\\"hidden\\\" name=\\\"f\\\" value=\\\"8\\\"> <input type=\\\"hidden\\\" name=\\\"rsv_bp\\\" value=\\\"1\\\"> <input type=\\\"hidden\\\" name=\\\"rsv_idx\\\" value=\\\"1\\\"> <input type=\\\"hidden\\\" name=\\\"ch\\\" value=\\\"\\\"> <input type=\\\"hidden\\\" name=\\\"tn\\\" value=\\\"baiduerr\\\"> <input type=\\\"hidden\\\" name=\\\"bar\\\" value=\\\"\\\"> <span class=\\\"bg s_ipt_wr\\\"> <input id=\\\"kw_tip\\\" unselectable=\\\"on\\\" onselectstart=\\\"return false;\\\" class=\\\"s_ipt s_ipt_tip\\\" disabled=\\\"\\\" autocomplete=\\\"off\\\" value=\\\"\\\" maxlength=\\\"100\\\" style=\\\"display: none;\\\"> <input id=\\\"kw\\\" name=\\\"wd\\\" class=\\\"s_ipt\\\" value=\\\"\\\" maxlength=\\\"100\\\" autocomplete=\\\"off\\\"> </span><span class=\\\"bg s_btn_wr\\\"> <input type=\\\"submit\\\" id=\\\"su\\\" value=\\\"\\u767e\\u5ea6\\u4e00\\u4e0b\\\" class=\\\"bg s_btn\\\"> </span><span class=\\\"tools\\\"> <span id=\\\"mHolder\\\"> <div id=\\\"mCon\\\"> <span>\\u8f93\\u5165\\u6cd5</span> </div> <ul id=\\\"mMenu\\\"> <li><a href=\\\"javascript:;\\\" name=\\\"ime_hw\\\">\\u624b\\u5199</a> </li> <li><a href=\\\"javascript:;\\\" name=\\\"ime_py\\\">\\u62fc\\u97f3</a> </li> <li class=\\\"ln\\\"></li> <li><a href=\\\"javascript:;\\\" name=\\\"ime_cl\\\">\\u5173\\u95ed</a> </li> </ul> </span> <span class=\\\"shouji\\\" style=\\\"display: none;\\\"><a href=\\\"http://w.x.baidu.com/go/mini/8/10000020\\\" onmousedown=\\\"return ns_c({\'fm\':\'behs\',\'tab\':\'bdbrowser\'})\\\">\\u767e\\u5ea6\\u6d4f\\u89c8\\u5668\\uff0c\\u6253\\u5f00\\u7f51\\u9875\\u5feb2\\u79d2\\uff01</a> </span> </span> <input type=\\\"hidden\\\" name=\\\"rn\\\" value=\\\"\\\"> <input type=\\\"hidden\\\" name=\\\"rsv_enter\\\" value=\\\"1\\\"> </form> <div id=\\\"m\\\"></div> </div></div> </div></div> <div class=\\\"s_tab\\\" id=\\\"s_tab\\\"> <b>\\u7f51\\u9875</b> <a href=\\\"http://news.baidu.com/ns?cl=2&amp;rn=20&amp;tn=news&amp;word=\\\" wdfield=\\\"word\\\" onmousedown=\\\"return c({\'fm\':\'tab\',\'tab\':\'news\'})\\\">\\u65b0\\u95fb</a><a href=\\\"http://tieba.baidu.com/f?kw=&amp;fr=wwwt\\\" wdfield=\\\"kw\\\" onmousedown=\\\"return c({\'fm\':\'tab\',\'tab\':\'tieba\'})\\\">\\u8d34\\u5427</a><a href=\\\"http://zhidao.baidu.com/q?ct=17&amp;pn=0&amp;tn=ikaslist&amp;rn=10&amp;word=&amp;fr=wwwt\\\" wdfield=\\\"word\\\" onmousedown=\\\"return c({\'fm\':\'tab\',\'tab\':\'zhidao\'})\\\">\\u77e5\\u9053</a><a href=\\\"http://music.baidu.com/search?fr=ps&amp;key=\\\" wdfield=\\\"key\\\" onmousedown=\\\"return c({\'fm\':\'tab\',\'tab\':\'music\'})\\\">\\u97f3\\u4e50</a><a href=\\\"http://image.baidu.com/i?tn=baiduimage&amp;ps=1&amp;ct=201326592&amp;lm=-1&amp;cl=2&amp;nc=1&amp;word=\\\" wdfield=\\\"word\\\" onmousedown=\\\"return c({\'fm\':\'tab\',\'tab\':\'pic\'})\\\">\\u56fe\\u7247</a><a href=\\\"http://v.baidu.com/v?ct=301989888&amp;rn=20&amp;pn=0&amp;db=0&amp;s=25&amp;word=\\\" wdfield=\\\"word\\\" onmousedown=\\\"return c({\'fm\':\'tab\',\'tab\':\'video\'})\\\">\\u89c6\\u9891</a><a href=\\\"http://map.baidu.com/m?word=&amp;fr=ps01000\\\" wdfield=\\\"word\\\" onmousedown=\\\"return c({\'fm\':\'tab\',\'tab\':\'map\'})\\\">\\u5730\\u56fe</a><a href=\\\"http://wenku.baidu.com/search?word=&amp;lm=0&amp;od=0\\\" wdfield=\\\"word\\\" onmousedown=\\\"return c({\'fm\':\'tab\',\'tab\':\'wenku\'})\\\">\\u6587\\u5e93</a><a href=\\\"//www.baidu.com/more/\\\" onmousedown=\\\"return c({\'fm\':\'tab\',\'tab\':\'more\'})\\\">\\u66f4\\u591a\\u00bb</a> </div>\\r\\n<div id=\\\"ftCon\\\"><div id=\\\"ftConw\\\"><p id=\\\"lh\\\"> <a id=\\\"seth\\\" onclick=\\\"h(this)\\\" href=\\\"/\\\" onmousedown=\\\"return ns_c({\'fm\':\'behs\',\'tab\':\'homepage\',\'pos\':0})\\\">\\u628a\\u767e\\u5ea6\\u8bbe\\u4e3a\\u4e3b\\u9875</a><a id=\\\"setf\\\" href=\\\"http://www.baidu.com/cache/sethelp/index.html\\\" onmousedown=\\\"return ns_c({\'fm\':\'behs\',\'tab\':\'favorites\',\'pos\':0})\\\" target=\\\"_blank\\\" style=\\\"display: inline;\\\">\\u628a\\u767e\\u5ea6\\u8bbe\\u4e3a\\u4e3b\\u9875</a><a onmousedown=\\\"return ns_c({\'fm\':\'behs\',\'tab\':\'tj_about\'})\\\" href=\\\"http://home.baidu.com\\\">\\u5173\\u4e8e\\u767e\\u5ea6</a><a onmousedown=\\\"return ns_c({\'fm\':\'behs\',\'tab\':\'tj_about_en\'})\\\" href=\\\"http://ir.baidu.com\\\">About Baidu</a> </p> <p id=\\\"cp\\\">\\u00a92014&nbsp;Baidu&nbsp;<a href=\\\"/duty/\\\" name=\\\"tj_duty\\\">\\u4f7f\\u7528\\u767e\\u5ea6\\u524d\\u5fc5\\u8bfb</a>&nbsp;\\u4eacICP\\u8bc1030173\\u53f7&nbsp;<i class=\\\"c-icon-icrlogo\\\"></i> </p> </div> </div>\\r\\n<div id=\\\"wrapper_wrapper\\\" style=\\\"display: block;\\\">\\r\\n\\t<style>\\r\\n\\t\\t\\t.nors{\\r\\n\\t\\t\\t\\tposition: relative;\\r\\n\\t\\t\\t}\\r\\n\\t\\t\\t.norsTitle{\\r\\n\\t\\t\\t\\tfont-size: 22px;\\r\\n\\t\\t\\t\\tfont-family: Microsoft Yahei;\\r\\n\\t\\t\\t\\tfont-weight: normal;\\r\\n\\t\\t\\t\\tcolor: #333;\\r\\n\\t\\t\\t\\tmargin: 35px 0 25px 0;\\r\\n\\t\\t\\t}\\r\\n\\t\\t\\t.norsSuggest {\\r\\n\\t\\t\\t\\tdisplay: inline-block;\\r\\n\\t\\t\\t\\tcolor:#333;\\r\\n\\t\\t\\t\\tfont-family:arial;\\r\\n\\t\\t\\t\\tfont-size: 13px;\\r\\n\\t\\t\\t\\tposition: relative;\\r\\n\\t\\t\\t}\\r\\n\\r\\n\\t\\t\\t.norsSuggest li{\\r\\n\\t\\t\\t\\tlist-style: decimal;\\r\\n\\t\\t\\t}\\r\\n\\t\\t\\t.norsTitle2 {\\r\\n\\t\\t\\t\\tfont-family: arial;\\r\\n\\t\\t\\t\\tfont-size: 13px;\\r\\n\\t\\t\\t\\tcolor: #666;\\t\\r\\n\\t\\t\\t}\\r\\n\\t\\t\\t.norsSuggest li{\\r\\n\\t\\t\\t\\tmargin: 13px 0;\\r\\n\\t\\t\\t}\\r\\n\\t\\t\\t.norsSuggest ol{\\r\\n\\t\\t\\t\\tmargin-left: 47px;\\r\\n\\t\\t\\t}\\r\\n\\t\\t\\t#foot{\\r\\n\\t\\t\\t\\tposition: fixed;\\r\\n\\t\\t\\t\\t_position: absolute;\\r\\n\\t\\t\\t\\tbottom: 0;\\r\\n\\t\\t\\t\\twidth: 100%;\\r\\n\\t\\t\\t\\tclear: both;\\r\\n\\t\\t\\t}\\r\\n\\t</style>\\r\\n\\t<div id=\\\"content_left\\\">\\r\\n\\t\\t<div class=\\\"nors\\\">\\r\\n\\t\\t\\t<div class=\\\"norsSuggest\\\">\\r\\n\\t\\t\\t\\t<h3 class=\\\"norsTitle\\\">\\u5f88\\u62b1\\u6b49\\uff0c\\u60a8\\u8981\\u8bbf\\u95ee\\u7684\\u9875\\u9762\\u4e0d\\u5b58\\u5728\\uff01</h3>\\r\\n\\t\\t\\t\\t<p class=\\\"norsTitle2\\\">\\u6e29\\u99a8\\u63d0\\u793a\\uff1a</p>\\r\\n\\t\\t\\t\\t<ol>\\r\\n\\t\\t\\t\\t\\t<li>\\u8bf7\\u68c0\\u67e5\\u60a8\\u8bbf\\u95ee\\u7684\\u7f51\\u5740\\u662f\\u5426\\u6b63\\u786e</li> \\r\\n\\t\\t\\t\\t\\t<li>\\u5982\\u679c\\u60a8\\u4e0d\\u80fd\\u786e\\u8ba4\\u8bbf\\u95ee\\u7684\\u7f51\\u5740\\uff0c\\u8bf7\\u6d4f\\u89c8<a href=\\\"http://www.baidu.com/more/index.html\\\">\\u767e\\u5ea6\\u66f4\\u591a</a>\\u9875\\u9762\\u67e5\\u770b\\u66f4\\u591a\\u7f51\\u5740\\u3002</li>\\r\\n\\t\\t\\t\\t\\t<li>\\u56de\\u5230\\u9876\\u90e8\\u91cd\\u65b0\\u53d1\\u8d77\\u641c\\u7d22</li>\\r\\n\\t\\t\\t\\t\\t<li>\\u5982\\u6709\\u4efb\\u4f55\\u610f\\u89c1\\u6216\\u5efa\\u8bae\\uff0c\\u8bf7\\u53ca\\u65f6<a href=\\\"http://qingting.baidu.com/index\\\">\\u53cd\\u9988\\u7ed9\\u6211\\u4eec</a>\\u3002</li>\\r\\n\\t\\t\\t\\t\\t\\r\\n\\r\\n\\t\\t\\t\\t</ol>\\r\\n\\t\\t\\t</div>\\r\\n\\t\\t</div>\\r\\n\\t</div>\\r\\n\\r\\n<div id=\\\"foot\\\"><span class=\\\"foot_c\\\">\\u00a92015&nbsp;Baidu&nbsp;<span>\\u6b64\\u5185\\u5bb9\\u7cfb\\u767e\\u5ea6\\u6839\\u636e\\u60a8\\u7684\\u6307\\u4ee4\\u81ea\\u52a8\\u641c\\u7d22\\u7684\\u7ed3\\u679c\\uff0c\\u4e0d\\u4ee3\\u8868\\u767e\\u5ea6\\u8d5e\\u6210\\u88ab\\u641c\\u7d22\\u7f51\\u7ad9\\u7684\\u5185\\u5bb9\\u6216\\u7acb\\u573a</span></span>\\r\\n<span id=\\\"help\\\"><a href=\\\"http://www.baidu.com/search/jubao.html\\\" target=\\\"_blank\\\">\\u4e3e\\u62a5</a></span></div>\\r\\n\\r\\n<div class=\\\"c-tips-container\\\" id=\\\"c-tips-container\\\"></div></div></div><div class=\\\"c-tips-container\\\" id=\\\"c-tips-container\\\"></div>\\r\\n\\r\\n</body></html>\"}', '0');
INSERT INTO `ams_test_case_item_result` VALUES ('8', '8', '{\"url\": \"HTTP://localhost:8000/test/add?a=1&b=2\", \"apiMethod\": \"GET\", \"statusCode\": 200, \"headers\": {\"User-Agent\": \"python-requests/2.18.4\", \"Accept-Encoding\": \"gzip, deflate\", \"Accept\": \"*/*\", \"Connection\": \"keep-alive\", \"area\": \"010\"}, \"requestType\": \"formData\", \"params\": {\"a\": \"1\", \"b\": \"2\"}, \"matchType\": 1, \"matchStatusCode\": \"200\", \"matchRule\": \"3\", \"returnBody\": \"{\\\"sum\\\": 3}\"}', '0');
INSERT INTO `ams_test_case_item_result` VALUES ('9', '9', '{\"url\": \"HTTP://www.baidu.com\", \"apiMethod\": \"POST\", \"statusCode\": 302, \"headers\": {\"User-Agent\": \"python-requests/2.18.4\", \"Accept-Encoding\": \"gzip, deflate\", \"Accept\": \"*/*\", \"Connection\": \"keep-alive\", \"t\": \"t\", \"Content-Length\": \"16\"}, \"requestType\": \"raw\", \"raw\": \"rrrrrrrrrrrrrrrr\", \"params\": {}, \"matchType\": 3, \"matchStatusCode\": \"200\", \"matchRule\": \"[{\\\"paramKey\\\":\\\"a\\\",\\\"matchRule\\\":\\\"1\\\",\\\"paramInfo\\\":\\\"1\\\"},{\\\"paramKey\\\":\\\"b\\\",\\\"matchRule\\\":\\\"3\\\",\\\"paramInfo\\\":\\\"5\\\"}]\", \"returnBody\": \"<html>\\r\\n<head>\\r\\n<meta http-equiv=\\\"content-type\\\" content=\\\"text/html;charset=utf-8\\\">\\r\\n<style data-for=\\\"result\\\" id=\\\"css_result\\\">\\r\\nbody{color:#333;background:#fff;padding:6px 0 0;margin:0;position:relative;min-width:900px}body,th,td,.p1,.p2{font-family:arial}p,form,ol,ul,li,dl,dt,dd,h3{margin:0;padding:0;list-style:none}input{padding-top:0;padding-bottom:0;-moz-box-sizing:border-box;-webkit-box-sizing:border-box;box-sizing:border-box}table,img{border:0}td{font-size:9pt;line-height:18px}\\r\\n\\r\\n\\r\\n\\r\\n#foot{font-size:12px}.logo{width:117px;height:38px;cursor:pointer}\\r\\n\\r\\n#u,#head,#tool,#search,.p1{line-height:120%;margin-left:-12pt}.p2{width:100%;line-height:120%;margin-left:-12pt}#wrapper{_zoom:1}#container{word-break:break-all;word-wrap:break-word}.container_s{width:1002px}.container_l{width:1222px}#content_left{width:636px;float:left;padding-left:35px}#content_right{border-left:1px solid #e1e1e1;float:right}.container_s #content_right{width:271px}.container_l #content_right{width:434px}.content_none{padding-left:35px}#u{color:#999;white-space:nowrap;position:absolute;right:10px;top:4px;z-index:299}#u a{color:#00c;margin:0 5px}#u .reg{margin:0}#u .last{margin-right:0}#u .un{font-weight:bold;margin-right:5px}#u ul{width:100%;background:#fff;border:1px solid #9b9b9b}#u li{height:25px}#u li a{width:100%;height:25px;line-height:25px;display:block;text-align:left;text-decoration:none;text-indent:6px;margin:0;filter:none\\\\9}#u li a:hover{background:#ebebeb}#u li.nl{border-top:1px solid #ebebeb}#user{position:relative;display:inline-block}#user_center{position:relative;display:inline-block}#user_center .user_center_btn{margin-right:5px}.userMenu{width:64px;position:absolute;right:7px;_right:2px;top:15px;top:14px\\\\9;*top:15px;padding-top:4px;display:none;*background:#fff}#head{padding-left:35px;margin-bottom:20px;width:900px}\\r\\n\\r\\n.fm{clear:both;position:relative;z-index:297}.nv a,.nv b,.btn,#page,#more{font-size:14px}\\r\\n\\r\\n.s_nav{height:45px}.s_nav .s_logo{margin-right:20px;float:left}.s_nav .s_logo img{border:0;display:block}.s_tab{line-height:18px;padding:20px 0 0;float:left}.s_nav a{color:#00c;font-size:14px}.s_nav b{font-size:14px}.s_ipt_wr{width:536px;height:30px;display:inline-block;margin-right:5px;background-position:0 -96px;border:1px solid #b6b6b6;border-color:#7b7b7b #b6b6b6 #b6b6b6 #7b7b7b;vertical-align:top}.s_ipt{width:523px;height:22px;font:16px/22px arial;margin:5px 0 0 7px;padding:0;background:#fff;border:0;outline:0;-webkit-appearance:none}.s_btn{width:95px;height:32px;padding-top:2px\\\\9;font-size:14px;padding:0;background-color:#ddd;background-position:0 -48px;border:0;cursor:pointer}.s_btn_h{background-position:-240px -48px}.s_btn_wr{width:97px;height:34px;display:inline-block;background-position:-120px -48px;*position:relative;z-index:0;vertical-align:top}.sethf{padding:0;margin:0;font-size:14px}.set_h{display:none;behavior:url(#default#homepage)}.set_f{display:none}.shouji{margin-left:19px}.shouji a{text-decoration:none}.bdsug{position:absolute;width:536px;background:#fff;display:none;border:1px solid #817f82}\\r\\n\\r\\n\\r\\n#page{font:14px arial;white-space:nowrap;padding-left:35px}#page a,#page strong{display:inline-block;vertical-align:text-bottom;height:66px;text-align:center;line-height:34px;text-decoration:none;overflow:hidden;margin-right:9px;background:white}#page a{cursor:pointer}#page a:hover{background:0}#page .n:hover,#page a:hover .pc{background:#f2f8ff;border:1px solid #38f}#page .n{height:34px;padding:0 18px;border:1px solid #e1e2e3}#page span{display:block}#page .pc{width:34px;height:34px;border:1px solid #e1e2e3;cursor:pointer}#page .fk{width:24px;height:24px;margin-bottom:6px;margin-left:6px;cursor:pointer}#page strong .fk,#page strong .pc{cursor:auto}#page .fk .c-icon-bear-pn{top:-3px;position:relative}#page .fkd .c-icon-bear-pn{top:3px;position:relative}#page .fk_cur .c-icon-bear-p{top:-2px;position:relative}#page strong .pc{border:0;width:36px;height:36px;line-height:36px}#page .nums{display:inline-block;vertical-align:text-bottom;height:36px;line-height:36px;margin-left:10px}#rs{width:900px;background:#fff;padding:8px 0;margin:20px 0 0 15px}#rs td{width:5%}#rs th{font-size:14px;font-weight:normal;line-height:19px;white-space:nowrap;text-align:left;vertical-align:top}#rs .tt{font-weight:bold;padding:0 10px 0 20px}#rs_top{font-size:14px;margin-bottom:22px}#rs_top a{margin-right:18px}#search{width:900px;padding:35px 0 16px 35px}#search .s_help{position:relative;top:10px}\\r\\n\\r\\n#foot{height:20px;line-height:20px;color:#77c;background:#e6e6e6;text-align:center}#foot span{color:#666}\\r\\n\\r\\n.to_zhidao,.to_tieba,.to_zhidao_bottom{font-size:16px;line-height:24px;margin:20px 0 0 35px}.to_tieba .c-icon-tieba{float:left}.f{line-height:115%;*line-height:120%;font-size:100%;width:33.7em;word-break:break-all;word-wrap:break-word}.h{margin-left:8px;width:100%}.r{word-break:break-all;cursor:hand;width:238px}.t{font-weight:normal;font-size:medium;margin-bottom:1px}.pl{padding-left:3px;height:8px;padding-right:2px;font-size:14px}.mo,a.mo:link,a.mo:visited{color:#666;font-size:100%;line-height:10px}.htb{margin-bottom:5px}.jc a{color:#c00}a font[size=\\\"3\\\"] font,font[size=\\\"3\\\"] a font{text-decoration:underline}div.blog,div.bbs{color:#707070;padding-top:2px;font-size:13px}.result{width:33.7em;table-layout:fixed}.result-op .f{word-wrap:normal}.nums{font-size:12px;color:#999}.tools{position:absolute;top:10px;white-space:nowrap}\\r\\n\\r\\n#mHolder{width:62px;position:relative;z-index:296;top:-18px;margin-left:9px;margin-right:-12px;display:none}#mCon{height:18px;position:absolute;top:3px;top:6px\\\\9;cursor:pointer;line-height:18px}.wrapper_l #mCon{right:7px}#mCon span{color:#00c;cursor:default;display:block}#mCon .hw{text-decoration:underline;cursor:pointer;display:inline-block}#mCon .pinyin{display:inline-block}#mCon .c-icon-chevron-unfold2{margin-left:5px}#mMenu{width:56px;border:1px solid #9b9b9b;position:absolute;right:7px;top:23px;display:none;background:#fff}#mMenu a{width:100%;height:100%;color:#00c;display:block;line-height:22px;text-indent:6px;text-decoration:none;filter:none\\\\9}#mMenu a:hover{background:#ebebeb}#mMenu .ln{height:1px;background:#ebebeb;overflow:hidden;font-size:1px;line-height:1px;margin-top:-1px}\\r\\n\\r\\n\\r\\n#index_guide{display:none}#index_logo{display:none}#u1{display:none}.s_ipt_wr{height:32px}body{padding:0}.s_form:after,.s_tab:after{content:\\\".\\\";display:block;height:0;clear:both;visibility:hidden}.s_form{zoom:1;height:63px;padding:0 0 0 10px}\\r\\n\\r\\n#result_logo{float:left;margin:11px 6px 0 6px}#result_logo img{width:104px}\\r\\n\\r\\n#head{padding:0;margin:0;width:100%;position:absolute;z-index:301;min-width:1000px;background:#fff;border-bottom:1px solid #ebebeb;position:fixed;_position:absolute}#head .head_wrapper{_width:1000px}#head.s_down{box-shadow:0 0 5px #888}.fm{clear:none;float:left;margin:15px 0 0 12px}#s_tab{background:#f8f8f8;line-height:36px;height:38px;padding:63px 0 0 138px;float:none;zoom:1}#s_tab a,#s_tab b{width:54px;display:inline-block;text-decoration:none;text-align:center;color:#666;font-size:14px}#s_tab b{border-bottom:2px solid #38f;font-weight:bold;color:#323232}#s_tab a:hover{color:#323232}#content_left{width:540px;padding-left:138px;padding-top:5px}#content_right{margin-top:45px}\\r\\n#page{padding:0 0 0 138px;margin:30px 0 40px 0}\\r\\n\\r\\n\\r\\n#help{background:#f5f6f5;zoom:1;padding:0 0 0 50px;float:right}#help a{color:#777;padding:0 15px;text-decoration:none}#help a:hover{color:#333}\\r\\n\\r\\n#foot{background:#f5f6f5;border-top:1px solid #ebebeb;text-align:left;height:42px;line-height:42px}#foot .foot_c{float:left;padding:0 0 0 138px}.content_none{padding:30px 0 0 138px}\\r\\n\\r\\n#mCon{top:5px}\\r\\n\\r\\n.s_ipt_wr.bg,.s_btn_wr.bg,#su.bg{background-image:none}.s_btn_wr{width:auto;height:auto;border-bottom:1px solid transparent;*border-bottom:0}.s_btn{width:100px;height:34px;color:white;letter-spacing:1px;background:#3385ff;border-bottom:1px solid #2d78f4;outline:medium;*border-bottom:0;-webkit-appearance:none;-webkit-border-radius:0}.s_btn.btnhover{background:#317ef3;border-bottom:1px solid #2868c8;*border-bottom:0;box-shadow:1px 1px 1px #ccc}\\r\\n\\r\\n.s_btn_h{background:#3075dc;box-shadow:inset 1px 1px 3px #2964bb;-webkit-box-shadow:inset 1px 1px 3px #2964bb;-moz-box-shadow:inset 1px 1px 3px #2964bb;-o-box-shadow:inset 1px 1px 3px #2964bb}#head .bdsug{top:33px}.bdsug{width:538px;border-color:#ccc;box-shadow:1px 1px 3px #ededed;-webkit-box-shadow:1px 1px 3px #ededed;-moz-box-shadow:1px 1px 3px #ededed;-o-box-shadow:1px 1px 3px #ededed}\\r\\n\\r\\n.bdsug.bdsugbg{background-repeat:no-repeat;background-position:100% 100%;background-size:100px 110px;background-image:url(http://s1.bdstatic.com/r/www/cache/static/home/img/sugbg_6a9201c2.png);background-image:url(http://s1.bdstatic.com/r/www/cache/static/home/img/sugbg_d24a0811.gif)\\\\9}.bdsug li{width:522px;line-height:22px}.bdsug li.bdsug-s{background:#f0f0f0}.bdsug-ala h3{margin:8px 0 5px 0}#wrapper_wrapper .container_l .EC_ppim_top,#wrapper_wrapper .container_xl .EC_ppim_top{width:640px}#wrapper_wrapper .container_s .EC_ppim_top{width:570px}#head .c-icon-bear-round{display:none}.container_l #content_right{width:384px}.container_l{width:1212px}.container_xl #content_right{width:384px}.container_xl{width:1257px}.index_tab_top{display:none}.index_tab_bottom{display:none}#lg{display:none}#m{display:none}#ftCon{display:none}#ent_sug{margin:40px 0 0 145px;font-size:13px;color:#666}.c-icon{background:url(http://s1.bdstatic.com/r/www/cache/static/global/img/icons_3bfb8e45.png) no-repeat 0 0;_background-image:url(\\\"http://s1.bdstatic.com/r/www/cache/static/global/img/icons_f72fb1cc.gif\\\")}\\r\\n\\r\\n\\r\\n\\r\\n</style>\\r\\n<meta http-equiv=\\\"X-UA-Compatible\\\" content=\\\"IE=Edge\\\">\\r\\n<title>\\u9875\\u9762\\u4e0d\\u5b58\\u5728_\\u767e\\u5ea6\\u641c\\u7d22</title>\\r\\n\\r\\n<style data-for=\\\"debug\\\">\\r\\n\\t#debug{display:none!important}\\r\\n</style>\\r\\n\\r\\n<style data-for=\\\"result\\\" id=\\\"css_index_result\\\">\\r\\n#seth{display:none;behavior:url(#default#homepage)}#setf{display:none}#sekj{margin-left:14px}#st,#sekj{display:none}.s_ipt_wr{border:1px solid #b6b6b6;border-color:#7b7b7b #b6b6b6 #b6b6b6 #7b7b7b;background:#fff;display:inline-block;vertical-align:top;width:539px;margin-right:0;border-right-width:0;border-color:#b8b8b8 transparent #ccc #b8b8b8}/*.wrapper_s .s_ipt_wr{width:439px}*//*.wrapper_s .s_ipt{width:434px}*/.s_ipt_wr:hover,.s_ipt_wr.ipthover{border-color:#999 transparent #b3b3b3 #999}.s_ipt_wr.iptfocus{border-color:#4791ff transparent #4791ff #4791ff}.s_ipt_tip{color:#aaa;position:absolute}.s_ipt{width:526px;height:22px;font:16px/22px arial;margin:6px 0 0 7px;padding:0;background:transparent;border:0;outline:0;-webkit-appearance:none}#kw{position:relative}.bdpfmenu,.usermenu{border:1px solid #d1d1d1;position:absolute;width:105px;top:36px;padding:1px 0;z-index:302;overflow:hidden;box-shadow:1px 1px 5px #d1d1d1;-webkit-box-shadow:1px 1px 5px #d1d1d1;-moz-box-shadow:1px 1px 5px #d1d1d1;-o-box-shadow:1px 1px 5px #d1d1d1}\\r\\n.bdpfmenu{font-size:12px}.bdpfmenu a,.usermenu a{display:block;text-align:left;margin:0!important;padding:0 9px;line-height:26px;text-decoration:none}\\r\\n\\r\\n#u .bri:hover,#u .bri.brihover{background-position:-18px 3px}#mCon #imeSIcon{background-position:-408px -144px;margin-left:0}#mCon span{color:#333}.bdpfmenu a:link,.bdpfmenu a:visited,#u .usermenu a:link,#u .usermenu a:visited{background:white;color:#333}.bdpfmenu a:hover,.bdpfmenu a:active,#u .usermenu a:hover,#u .usermenu a:active{background:#38f;text-decoration:none;color:white}.bdpfmenu{width:70px}.usermenu{width:68px;right:8px}#wrapper .bdnuarrow{width:24px;height:13px;position:absolute;z-index:303;top:24px;background:url(http://s1.bdstatic.com/r/www/cache/static/home/img/sugbg_6a9201c2.png) no-repeat -90px -1px;background-size:300px 21px;background-image:url(http://s1.bdstatic.com/r/www/cache/static/home/img/icons_0a1fc6ac.gif)\\\\9}#prefpanel{background:#fafafa;display:none;opacity:0;position:fixed;_position:absolute;top:-359px;z-index:500;width:100%;min-width:960px;height:359px;border-bottom:1px solid #ebebeb}#prefpanel form{_width:850px}#kw_tip{cursor:default;display:none}#bds-message-wrapper{top:43px}\\r\\n\\r\\ninput::-ms-clear{display:none}\\r\\n</style>\\r\\n\\r\\n</head>\\r\\n\\r\\n<body link=\\\"#0000cc\\\">\\r\\n<div id=\\\"wrapper\\\" style=\\\"\\\" class=\\\"wrapper_s\\\">\\r\\n\\r\\n <div id=\\\"head\\\"> <div class=\\\"head_wrapper\\\"> <div class=\\\"s_form\\\"> <div class=\\\"s_form_wrapper\\\"> <div id=\\\"lg\\\"> <img hidefocus=\\\"true\\\" src=\\\"//www.baidu.com/img/bd_logo1.png\\\" width=\\\"270\\\" height=\\\"129\\\"> </div> <a href=\\\"/\\\" id=\\\"result_logo\\\" onmousedown=\\\"return c({\'fm\':\'tab\',\'tab\':\'logo\'})\\\"> <img src=\\\"//www.baidu.com/img/baidu_jgylogo3.gif\\\" alt=\\\"\\u5230\\u767e\\u5ea6\\u9996\\u9875\\\" title=\\\"\\u5230\\u767e\\u5ea6\\u9996\\u9875\\\"> </a> <form id=\\\"form\\\" name=\\\"f\\\" action=\\\"/s\\\" class=\\\"fm\\\"> <input type=\\\"hidden\\\" name=\\\"ie\\\" value=\\\"utf-8\\\"> <input type=\\\"hidden\\\" name=\\\"f\\\" value=\\\"8\\\"> <input type=\\\"hidden\\\" name=\\\"rsv_bp\\\" value=\\\"1\\\"> <input type=\\\"hidden\\\" name=\\\"rsv_idx\\\" value=\\\"1\\\"> <input type=\\\"hidden\\\" name=\\\"ch\\\" value=\\\"\\\"> <input type=\\\"hidden\\\" name=\\\"tn\\\" value=\\\"baiduerr\\\"> <input type=\\\"hidden\\\" name=\\\"bar\\\" value=\\\"\\\"> <span class=\\\"bg s_ipt_wr\\\"> <input id=\\\"kw_tip\\\" unselectable=\\\"on\\\" onselectstart=\\\"return false;\\\" class=\\\"s_ipt s_ipt_tip\\\" disabled=\\\"\\\" autocomplete=\\\"off\\\" value=\\\"\\\" maxlength=\\\"100\\\" style=\\\"display: none;\\\"> <input id=\\\"kw\\\" name=\\\"wd\\\" class=\\\"s_ipt\\\" value=\\\"\\\" maxlength=\\\"100\\\" autocomplete=\\\"off\\\"> </span><span class=\\\"bg s_btn_wr\\\"> <input type=\\\"submit\\\" id=\\\"su\\\" value=\\\"\\u767e\\u5ea6\\u4e00\\u4e0b\\\" class=\\\"bg s_btn\\\"> </span><span class=\\\"tools\\\"> <span id=\\\"mHolder\\\"> <div id=\\\"mCon\\\"> <span>\\u8f93\\u5165\\u6cd5</span> </div> <ul id=\\\"mMenu\\\"> <li><a href=\\\"javascript:;\\\" name=\\\"ime_hw\\\">\\u624b\\u5199</a> </li> <li><a href=\\\"javascript:;\\\" name=\\\"ime_py\\\">\\u62fc\\u97f3</a> </li> <li class=\\\"ln\\\"></li> <li><a href=\\\"javascript:;\\\" name=\\\"ime_cl\\\">\\u5173\\u95ed</a> </li> </ul> </span> <span class=\\\"shouji\\\" style=\\\"display: none;\\\"><a href=\\\"http://w.x.baidu.com/go/mini/8/10000020\\\" onmousedown=\\\"return ns_c({\'fm\':\'behs\',\'tab\':\'bdbrowser\'})\\\">\\u767e\\u5ea6\\u6d4f\\u89c8\\u5668\\uff0c\\u6253\\u5f00\\u7f51\\u9875\\u5feb2\\u79d2\\uff01</a> </span> </span> <input type=\\\"hidden\\\" name=\\\"rn\\\" value=\\\"\\\"> <input type=\\\"hidden\\\" name=\\\"rsv_enter\\\" value=\\\"1\\\"> </form> <div id=\\\"m\\\"></div> </div></div> </div></div> <div class=\\\"s_tab\\\" id=\\\"s_tab\\\"> <b>\\u7f51\\u9875</b> <a href=\\\"http://news.baidu.com/ns?cl=2&amp;rn=20&amp;tn=news&amp;word=\\\" wdfield=\\\"word\\\" onmousedown=\\\"return c({\'fm\':\'tab\',\'tab\':\'news\'})\\\">\\u65b0\\u95fb</a><a href=\\\"http://tieba.baidu.com/f?kw=&amp;fr=wwwt\\\" wdfield=\\\"kw\\\" onmousedown=\\\"return c({\'fm\':\'tab\',\'tab\':\'tieba\'})\\\">\\u8d34\\u5427</a><a href=\\\"http://zhidao.baidu.com/q?ct=17&amp;pn=0&amp;tn=ikaslist&amp;rn=10&amp;word=&amp;fr=wwwt\\\" wdfield=\\\"word\\\" onmousedown=\\\"return c({\'fm\':\'tab\',\'tab\':\'zhidao\'})\\\">\\u77e5\\u9053</a><a href=\\\"http://music.baidu.com/search?fr=ps&amp;key=\\\" wdfield=\\\"key\\\" onmousedown=\\\"return c({\'fm\':\'tab\',\'tab\':\'music\'})\\\">\\u97f3\\u4e50</a><a href=\\\"http://image.baidu.com/i?tn=baiduimage&amp;ps=1&amp;ct=201326592&amp;lm=-1&amp;cl=2&amp;nc=1&amp;word=\\\" wdfield=\\\"word\\\" onmousedown=\\\"return c({\'fm\':\'tab\',\'tab\':\'pic\'})\\\">\\u56fe\\u7247</a><a href=\\\"http://v.baidu.com/v?ct=301989888&amp;rn=20&amp;pn=0&amp;db=0&amp;s=25&amp;word=\\\" wdfield=\\\"word\\\" onmousedown=\\\"return c({\'fm\':\'tab\',\'tab\':\'video\'})\\\">\\u89c6\\u9891</a><a href=\\\"http://map.baidu.com/m?word=&amp;fr=ps01000\\\" wdfield=\\\"word\\\" onmousedown=\\\"return c({\'fm\':\'tab\',\'tab\':\'map\'})\\\">\\u5730\\u56fe</a><a href=\\\"http://wenku.baidu.com/search?word=&amp;lm=0&amp;od=0\\\" wdfield=\\\"word\\\" onmousedown=\\\"return c({\'fm\':\'tab\',\'tab\':\'wenku\'})\\\">\\u6587\\u5e93</a><a href=\\\"//www.baidu.com/more/\\\" onmousedown=\\\"return c({\'fm\':\'tab\',\'tab\':\'more\'})\\\">\\u66f4\\u591a\\u00bb</a> </div>\\r\\n<div id=\\\"ftCon\\\"><div id=\\\"ftConw\\\"><p id=\\\"lh\\\"> <a id=\\\"seth\\\" onclick=\\\"h(this)\\\" href=\\\"/\\\" onmousedown=\\\"return ns_c({\'fm\':\'behs\',\'tab\':\'homepage\',\'pos\':0})\\\">\\u628a\\u767e\\u5ea6\\u8bbe\\u4e3a\\u4e3b\\u9875</a><a id=\\\"setf\\\" href=\\\"http://www.baidu.com/cache/sethelp/index.html\\\" onmousedown=\\\"return ns_c({\'fm\':\'behs\',\'tab\':\'favorites\',\'pos\':0})\\\" target=\\\"_blank\\\" style=\\\"display: inline;\\\">\\u628a\\u767e\\u5ea6\\u8bbe\\u4e3a\\u4e3b\\u9875</a><a onmousedown=\\\"return ns_c({\'fm\':\'behs\',\'tab\':\'tj_about\'})\\\" href=\\\"http://home.baidu.com\\\">\\u5173\\u4e8e\\u767e\\u5ea6</a><a onmousedown=\\\"return ns_c({\'fm\':\'behs\',\'tab\':\'tj_about_en\'})\\\" href=\\\"http://ir.baidu.com\\\">About Baidu</a> </p> <p id=\\\"cp\\\">\\u00a92014&nbsp;Baidu&nbsp;<a href=\\\"/duty/\\\" name=\\\"tj_duty\\\">\\u4f7f\\u7528\\u767e\\u5ea6\\u524d\\u5fc5\\u8bfb</a>&nbsp;\\u4eacICP\\u8bc1030173\\u53f7&nbsp;<i class=\\\"c-icon-icrlogo\\\"></i> </p> </div> </div>\\r\\n<div id=\\\"wrapper_wrapper\\\" style=\\\"display: block;\\\">\\r\\n\\t<style>\\r\\n\\t\\t\\t.nors{\\r\\n\\t\\t\\t\\tposition: relative;\\r\\n\\t\\t\\t}\\r\\n\\t\\t\\t.norsTitle{\\r\\n\\t\\t\\t\\tfont-size: 22px;\\r\\n\\t\\t\\t\\tfont-family: Microsoft Yahei;\\r\\n\\t\\t\\t\\tfont-weight: normal;\\r\\n\\t\\t\\t\\tcolor: #333;\\r\\n\\t\\t\\t\\tmargin: 35px 0 25px 0;\\r\\n\\t\\t\\t}\\r\\n\\t\\t\\t.norsSuggest {\\r\\n\\t\\t\\t\\tdisplay: inline-block;\\r\\n\\t\\t\\t\\tcolor:#333;\\r\\n\\t\\t\\t\\tfont-family:arial;\\r\\n\\t\\t\\t\\tfont-size: 13px;\\r\\n\\t\\t\\t\\tposition: relative;\\r\\n\\t\\t\\t}\\r\\n\\r\\n\\t\\t\\t.norsSuggest li{\\r\\n\\t\\t\\t\\tlist-style: decimal;\\r\\n\\t\\t\\t}\\r\\n\\t\\t\\t.norsTitle2 {\\r\\n\\t\\t\\t\\tfont-family: arial;\\r\\n\\t\\t\\t\\tfont-size: 13px;\\r\\n\\t\\t\\t\\tcolor: #666;\\t\\r\\n\\t\\t\\t}\\r\\n\\t\\t\\t.norsSuggest li{\\r\\n\\t\\t\\t\\tmargin: 13px 0;\\r\\n\\t\\t\\t}\\r\\n\\t\\t\\t.norsSuggest ol{\\r\\n\\t\\t\\t\\tmargin-left: 47px;\\r\\n\\t\\t\\t}\\r\\n\\t\\t\\t#foot{\\r\\n\\t\\t\\t\\tposition: fixed;\\r\\n\\t\\t\\t\\t_position: absolute;\\r\\n\\t\\t\\t\\tbottom: 0;\\r\\n\\t\\t\\t\\twidth: 100%;\\r\\n\\t\\t\\t\\tclear: both;\\r\\n\\t\\t\\t}\\r\\n\\t</style>\\r\\n\\t<div id=\\\"content_left\\\">\\r\\n\\t\\t<div class=\\\"nors\\\">\\r\\n\\t\\t\\t<div class=\\\"norsSuggest\\\">\\r\\n\\t\\t\\t\\t<h3 class=\\\"norsTitle\\\">\\u5f88\\u62b1\\u6b49\\uff0c\\u60a8\\u8981\\u8bbf\\u95ee\\u7684\\u9875\\u9762\\u4e0d\\u5b58\\u5728\\uff01</h3>\\r\\n\\t\\t\\t\\t<p class=\\\"norsTitle2\\\">\\u6e29\\u99a8\\u63d0\\u793a\\uff1a</p>\\r\\n\\t\\t\\t\\t<ol>\\r\\n\\t\\t\\t\\t\\t<li>\\u8bf7\\u68c0\\u67e5\\u60a8\\u8bbf\\u95ee\\u7684\\u7f51\\u5740\\u662f\\u5426\\u6b63\\u786e</li> \\r\\n\\t\\t\\t\\t\\t<li>\\u5982\\u679c\\u60a8\\u4e0d\\u80fd\\u786e\\u8ba4\\u8bbf\\u95ee\\u7684\\u7f51\\u5740\\uff0c\\u8bf7\\u6d4f\\u89c8<a href=\\\"http://www.baidu.com/more/index.html\\\">\\u767e\\u5ea6\\u66f4\\u591a</a>\\u9875\\u9762\\u67e5\\u770b\\u66f4\\u591a\\u7f51\\u5740\\u3002</li>\\r\\n\\t\\t\\t\\t\\t<li>\\u56de\\u5230\\u9876\\u90e8\\u91cd\\u65b0\\u53d1\\u8d77\\u641c\\u7d22</li>\\r\\n\\t\\t\\t\\t\\t<li>\\u5982\\u6709\\u4efb\\u4f55\\u610f\\u89c1\\u6216\\u5efa\\u8bae\\uff0c\\u8bf7\\u53ca\\u65f6<a href=\\\"http://qingting.baidu.com/index\\\">\\u53cd\\u9988\\u7ed9\\u6211\\u4eec</a>\\u3002</li>\\r\\n\\t\\t\\t\\t\\t\\r\\n\\r\\n\\t\\t\\t\\t</ol>\\r\\n\\t\\t\\t</div>\\r\\n\\t\\t</div>\\r\\n\\t</div>\\r\\n\\r\\n<div id=\\\"foot\\\"><span class=\\\"foot_c\\\">\\u00a92015&nbsp;Baidu&nbsp;<span>\\u6b64\\u5185\\u5bb9\\u7cfb\\u767e\\u5ea6\\u6839\\u636e\\u60a8\\u7684\\u6307\\u4ee4\\u81ea\\u52a8\\u641c\\u7d22\\u7684\\u7ed3\\u679c\\uff0c\\u4e0d\\u4ee3\\u8868\\u767e\\u5ea6\\u8d5e\\u6210\\u88ab\\u641c\\u7d22\\u7f51\\u7ad9\\u7684\\u5185\\u5bb9\\u6216\\u7acb\\u573a</span></span>\\r\\n<span id=\\\"help\\\"><a href=\\\"http://www.baidu.com/search/jubao.html\\\" target=\\\"_blank\\\">\\u4e3e\\u62a5</a></span></div>\\r\\n\\r\\n<div class=\\\"c-tips-container\\\" id=\\\"c-tips-container\\\"></div></div></div><div class=\\\"c-tips-container\\\" id=\\\"c-tips-container\\\"></div>\\r\\n\\r\\n</body></html>\"}', '0');
INSERT INTO `ams_test_case_item_result` VALUES ('10', '9', '{\"url\": \"HTTP://www.baidu.com\", \"apiMethod\": \"POST\", \"statusCode\": 302, \"headers\": {\"User-Agent\": \"python-requests/2.18.4\", \"Accept-Encoding\": \"gzip, deflate\", \"Accept\": \"*/*\", \"Connection\": \"keep-alive\", \"t\": \"t\", \"Content-Length\": \"16\"}, \"requestType\": \"raw\", \"raw\": \"rrrrrrrrrrrrrrrr\", \"params\": {}, \"matchType\": 3, \"matchStatusCode\": \"200\", \"matchRule\": [{\"paramKey\": \"a\", \"matchRule\": \"1\", \"paramInfo\": \"1\"}, {\"paramKey\": \"b\", \"matchRule\": \"3\", \"paramInfo\": \"5\"}], \"returnBody\": \"<html>\\r\\n<head>\\r\\n<meta http-equiv=\\\"content-type\\\" content=\\\"text/html;charset=utf-8\\\">\\r\\n<style data-for=\\\"result\\\" id=\\\"css_result\\\">\\r\\nbody{color:#333;background:#fff;padding:6px 0 0;margin:0;position:relative;min-width:900px}body,th,td,.p1,.p2{font-family:arial}p,form,ol,ul,li,dl,dt,dd,h3{margin:0;padding:0;list-style:none}input{padding-top:0;padding-bottom:0;-moz-box-sizing:border-box;-webkit-box-sizing:border-box;box-sizing:border-box}table,img{border:0}td{font-size:9pt;line-height:18px}\\r\\n\\r\\n\\r\\n\\r\\n#foot{font-size:12px}.logo{width:117px;height:38px;cursor:pointer}\\r\\n\\r\\n#u,#head,#tool,#search,.p1{line-height:120%;margin-left:-12pt}.p2{width:100%;line-height:120%;margin-left:-12pt}#wrapper{_zoom:1}#container{word-break:break-all;word-wrap:break-word}.container_s{width:1002px}.container_l{width:1222px}#content_left{width:636px;float:left;padding-left:35px}#content_right{border-left:1px solid #e1e1e1;float:right}.container_s #content_right{width:271px}.container_l #content_right{width:434px}.content_none{padding-left:35px}#u{color:#999;white-space:nowrap;position:absolute;right:10px;top:4px;z-index:299}#u a{color:#00c;margin:0 5px}#u .reg{margin:0}#u .last{margin-right:0}#u .un{font-weight:bold;margin-right:5px}#u ul{width:100%;background:#fff;border:1px solid #9b9b9b}#u li{height:25px}#u li a{width:100%;height:25px;line-height:25px;display:block;text-align:left;text-decoration:none;text-indent:6px;margin:0;filter:none\\\\9}#u li a:hover{background:#ebebeb}#u li.nl{border-top:1px solid #ebebeb}#user{position:relative;display:inline-block}#user_center{position:relative;display:inline-block}#user_center .user_center_btn{margin-right:5px}.userMenu{width:64px;position:absolute;right:7px;_right:2px;top:15px;top:14px\\\\9;*top:15px;padding-top:4px;display:none;*background:#fff}#head{padding-left:35px;margin-bottom:20px;width:900px}\\r\\n\\r\\n.fm{clear:both;position:relative;z-index:297}.nv a,.nv b,.btn,#page,#more{font-size:14px}\\r\\n\\r\\n.s_nav{height:45px}.s_nav .s_logo{margin-right:20px;float:left}.s_nav .s_logo img{border:0;display:block}.s_tab{line-height:18px;padding:20px 0 0;float:left}.s_nav a{color:#00c;font-size:14px}.s_nav b{font-size:14px}.s_ipt_wr{width:536px;height:30px;display:inline-block;margin-right:5px;background-position:0 -96px;border:1px solid #b6b6b6;border-color:#7b7b7b #b6b6b6 #b6b6b6 #7b7b7b;vertical-align:top}.s_ipt{width:523px;height:22px;font:16px/22px arial;margin:5px 0 0 7px;padding:0;background:#fff;border:0;outline:0;-webkit-appearance:none}.s_btn{width:95px;height:32px;padding-top:2px\\\\9;font-size:14px;padding:0;background-color:#ddd;background-position:0 -48px;border:0;cursor:pointer}.s_btn_h{background-position:-240px -48px}.s_btn_wr{width:97px;height:34px;display:inline-block;background-position:-120px -48px;*position:relative;z-index:0;vertical-align:top}.sethf{padding:0;margin:0;font-size:14px}.set_h{display:none;behavior:url(#default#homepage)}.set_f{display:none}.shouji{margin-left:19px}.shouji a{text-decoration:none}.bdsug{position:absolute;width:536px;background:#fff;display:none;border:1px solid #817f82}\\r\\n\\r\\n\\r\\n#page{font:14px arial;white-space:nowrap;padding-left:35px}#page a,#page strong{display:inline-block;vertical-align:text-bottom;height:66px;text-align:center;line-height:34px;text-decoration:none;overflow:hidden;margin-right:9px;background:white}#page a{cursor:pointer}#page a:hover{background:0}#page .n:hover,#page a:hover .pc{background:#f2f8ff;border:1px solid #38f}#page .n{height:34px;padding:0 18px;border:1px solid #e1e2e3}#page span{display:block}#page .pc{width:34px;height:34px;border:1px solid #e1e2e3;cursor:pointer}#page .fk{width:24px;height:24px;margin-bottom:6px;margin-left:6px;cursor:pointer}#page strong .fk,#page strong .pc{cursor:auto}#page .fk .c-icon-bear-pn{top:-3px;position:relative}#page .fkd .c-icon-bear-pn{top:3px;position:relative}#page .fk_cur .c-icon-bear-p{top:-2px;position:relative}#page strong .pc{border:0;width:36px;height:36px;line-height:36px}#page .nums{display:inline-block;vertical-align:text-bottom;height:36px;line-height:36px;margin-left:10px}#rs{width:900px;background:#fff;padding:8px 0;margin:20px 0 0 15px}#rs td{width:5%}#rs th{font-size:14px;font-weight:normal;line-height:19px;white-space:nowrap;text-align:left;vertical-align:top}#rs .tt{font-weight:bold;padding:0 10px 0 20px}#rs_top{font-size:14px;margin-bottom:22px}#rs_top a{margin-right:18px}#search{width:900px;padding:35px 0 16px 35px}#search .s_help{position:relative;top:10px}\\r\\n\\r\\n#foot{height:20px;line-height:20px;color:#77c;background:#e6e6e6;text-align:center}#foot span{color:#666}\\r\\n\\r\\n.to_zhidao,.to_tieba,.to_zhidao_bottom{font-size:16px;line-height:24px;margin:20px 0 0 35px}.to_tieba .c-icon-tieba{float:left}.f{line-height:115%;*line-height:120%;font-size:100%;width:33.7em;word-break:break-all;word-wrap:break-word}.h{margin-left:8px;width:100%}.r{word-break:break-all;cursor:hand;width:238px}.t{font-weight:normal;font-size:medium;margin-bottom:1px}.pl{padding-left:3px;height:8px;padding-right:2px;font-size:14px}.mo,a.mo:link,a.mo:visited{color:#666;font-size:100%;line-height:10px}.htb{margin-bottom:5px}.jc a{color:#c00}a font[size=\\\"3\\\"] font,font[size=\\\"3\\\"] a font{text-decoration:underline}div.blog,div.bbs{color:#707070;padding-top:2px;font-size:13px}.result{width:33.7em;table-layout:fixed}.result-op .f{word-wrap:normal}.nums{font-size:12px;color:#999}.tools{position:absolute;top:10px;white-space:nowrap}\\r\\n\\r\\n#mHolder{width:62px;position:relative;z-index:296;top:-18px;margin-left:9px;margin-right:-12px;display:none}#mCon{height:18px;position:absolute;top:3px;top:6px\\\\9;cursor:pointer;line-height:18px}.wrapper_l #mCon{right:7px}#mCon span{color:#00c;cursor:default;display:block}#mCon .hw{text-decoration:underline;cursor:pointer;display:inline-block}#mCon .pinyin{display:inline-block}#mCon .c-icon-chevron-unfold2{margin-left:5px}#mMenu{width:56px;border:1px solid #9b9b9b;position:absolute;right:7px;top:23px;display:none;background:#fff}#mMenu a{width:100%;height:100%;color:#00c;display:block;line-height:22px;text-indent:6px;text-decoration:none;filter:none\\\\9}#mMenu a:hover{background:#ebebeb}#mMenu .ln{height:1px;background:#ebebeb;overflow:hidden;font-size:1px;line-height:1px;margin-top:-1px}\\r\\n\\r\\n\\r\\n#index_guide{display:none}#index_logo{display:none}#u1{display:none}.s_ipt_wr{height:32px}body{padding:0}.s_form:after,.s_tab:after{content:\\\".\\\";display:block;height:0;clear:both;visibility:hidden}.s_form{zoom:1;height:63px;padding:0 0 0 10px}\\r\\n\\r\\n#result_logo{float:left;margin:11px 6px 0 6px}#result_logo img{width:104px}\\r\\n\\r\\n#head{padding:0;margin:0;width:100%;position:absolute;z-index:301;min-width:1000px;background:#fff;border-bottom:1px solid #ebebeb;position:fixed;_position:absolute}#head .head_wrapper{_width:1000px}#head.s_down{box-shadow:0 0 5px #888}.fm{clear:none;float:left;margin:15px 0 0 12px}#s_tab{background:#f8f8f8;line-height:36px;height:38px;padding:63px 0 0 138px;float:none;zoom:1}#s_tab a,#s_tab b{width:54px;display:inline-block;text-decoration:none;text-align:center;color:#666;font-size:14px}#s_tab b{border-bottom:2px solid #38f;font-weight:bold;color:#323232}#s_tab a:hover{color:#323232}#content_left{width:540px;padding-left:138px;padding-top:5px}#content_right{margin-top:45px}\\r\\n#page{padding:0 0 0 138px;margin:30px 0 40px 0}\\r\\n\\r\\n\\r\\n#help{background:#f5f6f5;zoom:1;padding:0 0 0 50px;float:right}#help a{color:#777;padding:0 15px;text-decoration:none}#help a:hover{color:#333}\\r\\n\\r\\n#foot{background:#f5f6f5;border-top:1px solid #ebebeb;text-align:left;height:42px;line-height:42px}#foot .foot_c{float:left;padding:0 0 0 138px}.content_none{padding:30px 0 0 138px}\\r\\n\\r\\n#mCon{top:5px}\\r\\n\\r\\n.s_ipt_wr.bg,.s_btn_wr.bg,#su.bg{background-image:none}.s_btn_wr{width:auto;height:auto;border-bottom:1px solid transparent;*border-bottom:0}.s_btn{width:100px;height:34px;color:white;letter-spacing:1px;background:#3385ff;border-bottom:1px solid #2d78f4;outline:medium;*border-bottom:0;-webkit-appearance:none;-webkit-border-radius:0}.s_btn.btnhover{background:#317ef3;border-bottom:1px solid #2868c8;*border-bottom:0;box-shadow:1px 1px 1px #ccc}\\r\\n\\r\\n.s_btn_h{background:#3075dc;box-shadow:inset 1px 1px 3px #2964bb;-webkit-box-shadow:inset 1px 1px 3px #2964bb;-moz-box-shadow:inset 1px 1px 3px #2964bb;-o-box-shadow:inset 1px 1px 3px #2964bb}#head .bdsug{top:33px}.bdsug{width:538px;border-color:#ccc;box-shadow:1px 1px 3px #ededed;-webkit-box-shadow:1px 1px 3px #ededed;-moz-box-shadow:1px 1px 3px #ededed;-o-box-shadow:1px 1px 3px #ededed}\\r\\n\\r\\n.bdsug.bdsugbg{background-repeat:no-repeat;background-position:100% 100%;background-size:100px 110px;background-image:url(http://s1.bdstatic.com/r/www/cache/static/home/img/sugbg_6a9201c2.png);background-image:url(http://s1.bdstatic.com/r/www/cache/static/home/img/sugbg_d24a0811.gif)\\\\9}.bdsug li{width:522px;line-height:22px}.bdsug li.bdsug-s{background:#f0f0f0}.bdsug-ala h3{margin:8px 0 5px 0}#wrapper_wrapper .container_l .EC_ppim_top,#wrapper_wrapper .container_xl .EC_ppim_top{width:640px}#wrapper_wrapper .container_s .EC_ppim_top{width:570px}#head .c-icon-bear-round{display:none}.container_l #content_right{width:384px}.container_l{width:1212px}.container_xl #content_right{width:384px}.container_xl{width:1257px}.index_tab_top{display:none}.index_tab_bottom{display:none}#lg{display:none}#m{display:none}#ftCon{display:none}#ent_sug{margin:40px 0 0 145px;font-size:13px;color:#666}.c-icon{background:url(http://s1.bdstatic.com/r/www/cache/static/global/img/icons_3bfb8e45.png) no-repeat 0 0;_background-image:url(\\\"http://s1.bdstatic.com/r/www/cache/static/global/img/icons_f72fb1cc.gif\\\")}\\r\\n\\r\\n\\r\\n\\r\\n</style>\\r\\n<meta http-equiv=\\\"X-UA-Compatible\\\" content=\\\"IE=Edge\\\">\\r\\n<title>\\u9875\\u9762\\u4e0d\\u5b58\\u5728_\\u767e\\u5ea6\\u641c\\u7d22</title>\\r\\n\\r\\n<style data-for=\\\"debug\\\">\\r\\n\\t#debug{display:none!important}\\r\\n</style>\\r\\n\\r\\n<style data-for=\\\"result\\\" id=\\\"css_index_result\\\">\\r\\n#seth{display:none;behavior:url(#default#homepage)}#setf{display:none}#sekj{margin-left:14px}#st,#sekj{display:none}.s_ipt_wr{border:1px solid #b6b6b6;border-color:#7b7b7b #b6b6b6 #b6b6b6 #7b7b7b;background:#fff;display:inline-block;vertical-align:top;width:539px;margin-right:0;border-right-width:0;border-color:#b8b8b8 transparent #ccc #b8b8b8}/*.wrapper_s .s_ipt_wr{width:439px}*//*.wrapper_s .s_ipt{width:434px}*/.s_ipt_wr:hover,.s_ipt_wr.ipthover{border-color:#999 transparent #b3b3b3 #999}.s_ipt_wr.iptfocus{border-color:#4791ff transparent #4791ff #4791ff}.s_ipt_tip{color:#aaa;position:absolute}.s_ipt{width:526px;height:22px;font:16px/22px arial;margin:6px 0 0 7px;padding:0;background:transparent;border:0;outline:0;-webkit-appearance:none}#kw{position:relative}.bdpfmenu,.usermenu{border:1px solid #d1d1d1;position:absolute;width:105px;top:36px;padding:1px 0;z-index:302;overflow:hidden;box-shadow:1px 1px 5px #d1d1d1;-webkit-box-shadow:1px 1px 5px #d1d1d1;-moz-box-shadow:1px 1px 5px #d1d1d1;-o-box-shadow:1px 1px 5px #d1d1d1}\\r\\n.bdpfmenu{font-size:12px}.bdpfmenu a,.usermenu a{display:block;text-align:left;margin:0!important;padding:0 9px;line-height:26px;text-decoration:none}\\r\\n\\r\\n#u .bri:hover,#u .bri.brihover{background-position:-18px 3px}#mCon #imeSIcon{background-position:-408px -144px;margin-left:0}#mCon span{color:#333}.bdpfmenu a:link,.bdpfmenu a:visited,#u .usermenu a:link,#u .usermenu a:visited{background:white;color:#333}.bdpfmenu a:hover,.bdpfmenu a:active,#u .usermenu a:hover,#u .usermenu a:active{background:#38f;text-decoration:none;color:white}.bdpfmenu{width:70px}.usermenu{width:68px;right:8px}#wrapper .bdnuarrow{width:24px;height:13px;position:absolute;z-index:303;top:24px;background:url(http://s1.bdstatic.com/r/www/cache/static/home/img/sugbg_6a9201c2.png) no-repeat -90px -1px;background-size:300px 21px;background-image:url(http://s1.bdstatic.com/r/www/cache/static/home/img/icons_0a1fc6ac.gif)\\\\9}#prefpanel{background:#fafafa;display:none;opacity:0;position:fixed;_position:absolute;top:-359px;z-index:500;width:100%;min-width:960px;height:359px;border-bottom:1px solid #ebebeb}#prefpanel form{_width:850px}#kw_tip{cursor:default;display:none}#bds-message-wrapper{top:43px}\\r\\n\\r\\ninput::-ms-clear{display:none}\\r\\n</style>\\r\\n\\r\\n</head>\\r\\n\\r\\n<body link=\\\"#0000cc\\\">\\r\\n<div id=\\\"wrapper\\\" style=\\\"\\\" class=\\\"wrapper_s\\\">\\r\\n\\r\\n <div id=\\\"head\\\"> <div class=\\\"head_wrapper\\\"> <div class=\\\"s_form\\\"> <div class=\\\"s_form_wrapper\\\"> <div id=\\\"lg\\\"> <img hidefocus=\\\"true\\\" src=\\\"//www.baidu.com/img/bd_logo1.png\\\" width=\\\"270\\\" height=\\\"129\\\"> </div> <a href=\\\"/\\\" id=\\\"result_logo\\\" onmousedown=\\\"return c({\'fm\':\'tab\',\'tab\':\'logo\'})\\\"> <img src=\\\"//www.baidu.com/img/baidu_jgylogo3.gif\\\" alt=\\\"\\u5230\\u767e\\u5ea6\\u9996\\u9875\\\" title=\\\"\\u5230\\u767e\\u5ea6\\u9996\\u9875\\\"> </a> <form id=\\\"form\\\" name=\\\"f\\\" action=\\\"/s\\\" class=\\\"fm\\\"> <input type=\\\"hidden\\\" name=\\\"ie\\\" value=\\\"utf-8\\\"> <input type=\\\"hidden\\\" name=\\\"f\\\" value=\\\"8\\\"> <input type=\\\"hidden\\\" name=\\\"rsv_bp\\\" value=\\\"1\\\"> <input type=\\\"hidden\\\" name=\\\"rsv_idx\\\" value=\\\"1\\\"> <input type=\\\"hidden\\\" name=\\\"ch\\\" value=\\\"\\\"> <input type=\\\"hidden\\\" name=\\\"tn\\\" value=\\\"baiduerr\\\"> <input type=\\\"hidden\\\" name=\\\"bar\\\" value=\\\"\\\"> <span class=\\\"bg s_ipt_wr\\\"> <input id=\\\"kw_tip\\\" unselectable=\\\"on\\\" onselectstart=\\\"return false;\\\" class=\\\"s_ipt s_ipt_tip\\\" disabled=\\\"\\\" autocomplete=\\\"off\\\" value=\\\"\\\" maxlength=\\\"100\\\" style=\\\"display: none;\\\"> <input id=\\\"kw\\\" name=\\\"wd\\\" class=\\\"s_ipt\\\" value=\\\"\\\" maxlength=\\\"100\\\" autocomplete=\\\"off\\\"> </span><span class=\\\"bg s_btn_wr\\\"> <input type=\\\"submit\\\" id=\\\"su\\\" value=\\\"\\u767e\\u5ea6\\u4e00\\u4e0b\\\" class=\\\"bg s_btn\\\"> </span><span class=\\\"tools\\\"> <span id=\\\"mHolder\\\"> <div id=\\\"mCon\\\"> <span>\\u8f93\\u5165\\u6cd5</span> </div> <ul id=\\\"mMenu\\\"> <li><a href=\\\"javascript:;\\\" name=\\\"ime_hw\\\">\\u624b\\u5199</a> </li> <li><a href=\\\"javascript:;\\\" name=\\\"ime_py\\\">\\u62fc\\u97f3</a> </li> <li class=\\\"ln\\\"></li> <li><a href=\\\"javascript:;\\\" name=\\\"ime_cl\\\">\\u5173\\u95ed</a> </li> </ul> </span> <span class=\\\"shouji\\\" style=\\\"display: none;\\\"><a href=\\\"http://w.x.baidu.com/go/mini/8/10000020\\\" onmousedown=\\\"return ns_c({\'fm\':\'behs\',\'tab\':\'bdbrowser\'})\\\">\\u767e\\u5ea6\\u6d4f\\u89c8\\u5668\\uff0c\\u6253\\u5f00\\u7f51\\u9875\\u5feb2\\u79d2\\uff01</a> </span> </span> <input type=\\\"hidden\\\" name=\\\"rn\\\" value=\\\"\\\"> <input type=\\\"hidden\\\" name=\\\"rsv_enter\\\" value=\\\"1\\\"> </form> <div id=\\\"m\\\"></div> </div></div> </div></div> <div class=\\\"s_tab\\\" id=\\\"s_tab\\\"> <b>\\u7f51\\u9875</b> <a href=\\\"http://news.baidu.com/ns?cl=2&amp;rn=20&amp;tn=news&amp;word=\\\" wdfield=\\\"word\\\" onmousedown=\\\"return c({\'fm\':\'tab\',\'tab\':\'news\'})\\\">\\u65b0\\u95fb</a><a href=\\\"http://tieba.baidu.com/f?kw=&amp;fr=wwwt\\\" wdfield=\\\"kw\\\" onmousedown=\\\"return c({\'fm\':\'tab\',\'tab\':\'tieba\'})\\\">\\u8d34\\u5427</a><a href=\\\"http://zhidao.baidu.com/q?ct=17&amp;pn=0&amp;tn=ikaslist&amp;rn=10&amp;word=&amp;fr=wwwt\\\" wdfield=\\\"word\\\" onmousedown=\\\"return c({\'fm\':\'tab\',\'tab\':\'zhidao\'})\\\">\\u77e5\\u9053</a><a href=\\\"http://music.baidu.com/search?fr=ps&amp;key=\\\" wdfield=\\\"key\\\" onmousedown=\\\"return c({\'fm\':\'tab\',\'tab\':\'music\'})\\\">\\u97f3\\u4e50</a><a href=\\\"http://image.baidu.com/i?tn=baiduimage&amp;ps=1&amp;ct=201326592&amp;lm=-1&amp;cl=2&amp;nc=1&amp;word=\\\" wdfield=\\\"word\\\" onmousedown=\\\"return c({\'fm\':\'tab\',\'tab\':\'pic\'})\\\">\\u56fe\\u7247</a><a href=\\\"http://v.baidu.com/v?ct=301989888&amp;rn=20&amp;pn=0&amp;db=0&amp;s=25&amp;word=\\\" wdfield=\\\"word\\\" onmousedown=\\\"return c({\'fm\':\'tab\',\'tab\':\'video\'})\\\">\\u89c6\\u9891</a><a href=\\\"http://map.baidu.com/m?word=&amp;fr=ps01000\\\" wdfield=\\\"word\\\" onmousedown=\\\"return c({\'fm\':\'tab\',\'tab\':\'map\'})\\\">\\u5730\\u56fe</a><a href=\\\"http://wenku.baidu.com/search?word=&amp;lm=0&amp;od=0\\\" wdfield=\\\"word\\\" onmousedown=\\\"return c({\'fm\':\'tab\',\'tab\':\'wenku\'})\\\">\\u6587\\u5e93</a><a href=\\\"//www.baidu.com/more/\\\" onmousedown=\\\"return c({\'fm\':\'tab\',\'tab\':\'more\'})\\\">\\u66f4\\u591a\\u00bb</a> </div>\\r\\n<div id=\\\"ftCon\\\"><div id=\\\"ftConw\\\"><p id=\\\"lh\\\"> <a id=\\\"seth\\\" onclick=\\\"h(this)\\\" href=\\\"/\\\" onmousedown=\\\"return ns_c({\'fm\':\'behs\',\'tab\':\'homepage\',\'pos\':0})\\\">\\u628a\\u767e\\u5ea6\\u8bbe\\u4e3a\\u4e3b\\u9875</a><a id=\\\"setf\\\" href=\\\"http://www.baidu.com/cache/sethelp/index.html\\\" onmousedown=\\\"return ns_c({\'fm\':\'behs\',\'tab\':\'favorites\',\'pos\':0})\\\" target=\\\"_blank\\\" style=\\\"display: inline;\\\">\\u628a\\u767e\\u5ea6\\u8bbe\\u4e3a\\u4e3b\\u9875</a><a onmousedown=\\\"return ns_c({\'fm\':\'behs\',\'tab\':\'tj_about\'})\\\" href=\\\"http://home.baidu.com\\\">\\u5173\\u4e8e\\u767e\\u5ea6</a><a onmousedown=\\\"return ns_c({\'fm\':\'behs\',\'tab\':\'tj_about_en\'})\\\" href=\\\"http://ir.baidu.com\\\">About Baidu</a> </p> <p id=\\\"cp\\\">\\u00a92014&nbsp;Baidu&nbsp;<a href=\\\"/duty/\\\" name=\\\"tj_duty\\\">\\u4f7f\\u7528\\u767e\\u5ea6\\u524d\\u5fc5\\u8bfb</a>&nbsp;\\u4eacICP\\u8bc1030173\\u53f7&nbsp;<i class=\\\"c-icon-icrlogo\\\"></i> </p> </div> </div>\\r\\n<div id=\\\"wrapper_wrapper\\\" style=\\\"display: block;\\\">\\r\\n\\t<style>\\r\\n\\t\\t\\t.nors{\\r\\n\\t\\t\\t\\tposition: relative;\\r\\n\\t\\t\\t}\\r\\n\\t\\t\\t.norsTitle{\\r\\n\\t\\t\\t\\tfont-size: 22px;\\r\\n\\t\\t\\t\\tfont-family: Microsoft Yahei;\\r\\n\\t\\t\\t\\tfont-weight: normal;\\r\\n\\t\\t\\t\\tcolor: #333;\\r\\n\\t\\t\\t\\tmargin: 35px 0 25px 0;\\r\\n\\t\\t\\t}\\r\\n\\t\\t\\t.norsSuggest {\\r\\n\\t\\t\\t\\tdisplay: inline-block;\\r\\n\\t\\t\\t\\tcolor:#333;\\r\\n\\t\\t\\t\\tfont-family:arial;\\r\\n\\t\\t\\t\\tfont-size: 13px;\\r\\n\\t\\t\\t\\tposition: relative;\\r\\n\\t\\t\\t}\\r\\n\\r\\n\\t\\t\\t.norsSuggest li{\\r\\n\\t\\t\\t\\tlist-style: decimal;\\r\\n\\t\\t\\t}\\r\\n\\t\\t\\t.norsTitle2 {\\r\\n\\t\\t\\t\\tfont-family: arial;\\r\\n\\t\\t\\t\\tfont-size: 13px;\\r\\n\\t\\t\\t\\tcolor: #666;\\t\\r\\n\\t\\t\\t}\\r\\n\\t\\t\\t.norsSuggest li{\\r\\n\\t\\t\\t\\tmargin: 13px 0;\\r\\n\\t\\t\\t}\\r\\n\\t\\t\\t.norsSuggest ol{\\r\\n\\t\\t\\t\\tmargin-left: 47px;\\r\\n\\t\\t\\t}\\r\\n\\t\\t\\t#foot{\\r\\n\\t\\t\\t\\tposition: fixed;\\r\\n\\t\\t\\t\\t_position: absolute;\\r\\n\\t\\t\\t\\tbottom: 0;\\r\\n\\t\\t\\t\\twidth: 100%;\\r\\n\\t\\t\\t\\tclear: both;\\r\\n\\t\\t\\t}\\r\\n\\t</style>\\r\\n\\t<div id=\\\"content_left\\\">\\r\\n\\t\\t<div class=\\\"nors\\\">\\r\\n\\t\\t\\t<div class=\\\"norsSuggest\\\">\\r\\n\\t\\t\\t\\t<h3 class=\\\"norsTitle\\\">\\u5f88\\u62b1\\u6b49\\uff0c\\u60a8\\u8981\\u8bbf\\u95ee\\u7684\\u9875\\u9762\\u4e0d\\u5b58\\u5728\\uff01</h3>\\r\\n\\t\\t\\t\\t<p class=\\\"norsTitle2\\\">\\u6e29\\u99a8\\u63d0\\u793a\\uff1a</p>\\r\\n\\t\\t\\t\\t<ol>\\r\\n\\t\\t\\t\\t\\t<li>\\u8bf7\\u68c0\\u67e5\\u60a8\\u8bbf\\u95ee\\u7684\\u7f51\\u5740\\u662f\\u5426\\u6b63\\u786e</li> \\r\\n\\t\\t\\t\\t\\t<li>\\u5982\\u679c\\u60a8\\u4e0d\\u80fd\\u786e\\u8ba4\\u8bbf\\u95ee\\u7684\\u7f51\\u5740\\uff0c\\u8bf7\\u6d4f\\u89c8<a href=\\\"http://www.baidu.com/more/index.html\\\">\\u767e\\u5ea6\\u66f4\\u591a</a>\\u9875\\u9762\\u67e5\\u770b\\u66f4\\u591a\\u7f51\\u5740\\u3002</li>\\r\\n\\t\\t\\t\\t\\t<li>\\u56de\\u5230\\u9876\\u90e8\\u91cd\\u65b0\\u53d1\\u8d77\\u641c\\u7d22</li>\\r\\n\\t\\t\\t\\t\\t<li>\\u5982\\u6709\\u4efb\\u4f55\\u610f\\u89c1\\u6216\\u5efa\\u8bae\\uff0c\\u8bf7\\u53ca\\u65f6<a href=\\\"http://qingting.baidu.com/index\\\">\\u53cd\\u9988\\u7ed9\\u6211\\u4eec</a>\\u3002</li>\\r\\n\\t\\t\\t\\t\\t\\r\\n\\r\\n\\t\\t\\t\\t</ol>\\r\\n\\t\\t\\t</div>\\r\\n\\t\\t</div>\\r\\n\\t</div>\\r\\n\\r\\n<div id=\\\"foot\\\"><span class=\\\"foot_c\\\">\\u00a92015&nbsp;Baidu&nbsp;<span>\\u6b64\\u5185\\u5bb9\\u7cfb\\u767e\\u5ea6\\u6839\\u636e\\u60a8\\u7684\\u6307\\u4ee4\\u81ea\\u52a8\\u641c\\u7d22\\u7684\\u7ed3\\u679c\\uff0c\\u4e0d\\u4ee3\\u8868\\u767e\\u5ea6\\u8d5e\\u6210\\u88ab\\u641c\\u7d22\\u7f51\\u7ad9\\u7684\\u5185\\u5bb9\\u6216\\u7acb\\u573a</span></span>\\r\\n<span id=\\\"help\\\"><a href=\\\"http://www.baidu.com/search/jubao.html\\\" target=\\\"_blank\\\">\\u4e3e\\u62a5</a></span></div>\\r\\n\\r\\n<div class=\\\"c-tips-container\\\" id=\\\"c-tips-container\\\"></div></div></div><div class=\\\"c-tips-container\\\" id=\\\"c-tips-container\\\"></div>\\r\\n\\r\\n</body></html>\"}', '0');
INSERT INTO `ams_test_case_item_result` VALUES ('11', '8', '{\"url\": \"HTTP://localhost:8000/test/add?a=1&b=2\", \"apiMethod\": \"GET\", \"statusCode\": 200, \"headers\": {\"User-Agent\": \"python-requests/2.18.4\", \"Accept-Encoding\": \"gzip, deflate\", \"Accept\": \"*/*\", \"Connection\": \"keep-alive\", \"area\": \"010\"}, \"requestType\": \"formData\", \"params\": {\"a\": \"1\", \"b\": \"2\"}, \"matchType\": 1, \"matchStatusCode\": \"200\", \"matchRule\": \"3\", \"returnBody\": \"{\\\"sum\\\": 3}\"}', '0');
INSERT INTO `ams_test_case_item_result` VALUES ('12', '8', '{\"url\": \"HTTP://localhost:8000/test/add?a=1&b=2\", \"apiMethod\": \"GET\", \"statusCode\": 200, \"headers\": {\"User-Agent\": \"python-requests/2.18.4\", \"Accept-Encoding\": \"gzip, deflate\", \"Accept\": \"*/*\", \"Connection\": \"keep-alive\", \"area\": \"010\"}, \"requestType\": \"formData\", \"params\": {\"a\": \"1\", \"b\": \"2\"}, \"matchType\": 1, \"matchStatusCode\": \"200\", \"matchRule\": \"3\", \"returnBody\": \"{\\\"sum\\\": 3}\"}', '0');
INSERT INTO `ams_test_case_item_result` VALUES ('13', '8', '{\"url\": \"HTTP://localhost:8000/test/add?a=1&b=2\", \"apiMethod\": \"GET\", \"statusCode\": 200, \"headers\": {\"User-Agent\": \"python-requests/2.18.4\", \"Accept-Encoding\": \"gzip, deflate\", \"Accept\": \"*/*\", \"Connection\": \"keep-alive\", \"area\": \"010\"}, \"requestType\": \"formData\", \"params\": {\"a\": \"1\", \"b\": \"2\"}, \"matchType\": 1, \"matchStatusCode\": \"200\", \"matchRule\": \"3\", \"returnBody\": \"{\\\"sum\\\": 3}\"}', '0');
INSERT INTO `ams_test_case_item_result` VALUES ('14', '8', '{\"url\": \"HTTP://localhost:8000/test/add?a=1&b=2\", \"apiMethod\": \"GET\", \"statusCode\": 200, \"headers\": {\"User-Agent\": \"python-requests/2.18.4\", \"Accept-Encoding\": \"gzip, deflate\", \"Accept\": \"*/*\", \"Connection\": \"keep-alive\", \"area\": \"010\"}, \"requestType\": \"formData\", \"params\": {\"a\": \"1\", \"b\": \"2\"}, \"matchType\": 1, \"matchStatusCode\": \"200\", \"matchRule\": \"3\", \"returnBody\": \"{\\\"sum\\\": 3}\"}', '0');
INSERT INTO `ams_test_case_item_result` VALUES ('15', '8', '{\"url\": \"HTTP://localhost:8000/test/add?a=1&b=2\", \"apiMethod\": \"GET\", \"statusCode\": 200, \"headers\": {\"User-Agent\": \"python-requests/2.18.4\", \"Accept-Encoding\": \"gzip, deflate\", \"Accept\": \"*/*\", \"Connection\": \"keep-alive\", \"area\": \"010\"}, \"requestType\": \"formData\", \"params\": {\"a\": \"1\", \"b\": \"2\"}, \"matchType\": 1, \"matchStatusCode\": \"200\", \"matchRule\": \"3\", \"returnBody\": \"{\\\"sum\\\": 3}\"}', '0');
INSERT INTO `ams_test_case_item_result` VALUES ('16', '9', '{\"url\": \"HTTP://localhost:8000/test/sub\", \"apiMethod\": \"GET\", \"statusCode\": 200, \"headers\": {\"User-Agent\": \"python-requests/2.18.4\", \"Accept-Encoding\": \"gzip, deflate\", \"Accept\": \"*/*\", \"Connection\": \"keep-alive\", \"t\": \"t\"}, \"requestType\": \"formData\", \"params\": {\"a\": \"5\", \"b\": \"2\"}, \"matchType\": 1, \"matchStatusCode\": \"200\", \"matchRule\": \"3\", \"returnBody\": \"3\"}', '0');
INSERT INTO `ams_test_case_item_result` VALUES ('17', '9', '{\"url\": \"HTTP://localhost:8000/test/sub\", \"apiMethod\": \"GET\", \"statusCode\": 200, \"headers\": {\"User-Agent\": \"python-requests/2.18.4\", \"Accept-Encoding\": \"gzip, deflate\", \"Accept\": \"*/*\", \"Connection\": \"keep-alive\", \"t\": \"t\"}, \"requestType\": \"formData\", \"params\": {\"a\": \"5\", \"b\": \"2\"}, \"matchType\": 1, \"matchStatusCode\": \"200\", \"matchRule\": \"3\", \"returnBody\": \"3\"}', '0');
INSERT INTO `ams_test_case_item_result` VALUES ('18', '9', '{\"url\": \"HTTP://localhost:8000/test/sub\", \"apiMethod\": \"GET\", \"statusCode\": 200, \"headers\": {\"User-Agent\": \"python-requests/2.18.4\", \"Accept-Encoding\": \"gzip, deflate\", \"Accept\": \"*/*\", \"Connection\": \"keep-alive\", \"t\": \"t\"}, \"requestType\": \"formData\", \"params\": {\"a\": \"5\", \"b\": \"2\"}, \"matchType\": 1, \"matchStatusCode\": \"200\", \"matchRule\": \"3\", \"returnBody\": \"3\"}', '0');
INSERT INTO `ams_test_case_item_result` VALUES ('19', '9', '{\"url\": \"HTTP://localhost:8000/test/sub\", \"apiMethod\": \"GET\", \"statusCode\": 200, \"headers\": {\"User-Agent\": \"python-requests/2.18.4\", \"Accept-Encoding\": \"gzip, deflate\", \"Accept\": \"*/*\", \"Connection\": \"keep-alive\", \"t\": \"t\"}, \"requestType\": \"formData\", \"params\": {\"a\": \"5\", \"b\": \"2\"}, \"matchType\": 1, \"matchStatusCode\": \"200\", \"matchRule\": \"3\", \"returnBody\": \"3\"}', '1');
INSERT INTO `ams_test_case_item_result` VALUES ('20', '9', '{\"url\": \"HTTP://localhost:8000/test/sub\", \"apiMethod\": \"GET\", \"statusCode\": 200, \"headers\": {\"User-Agent\": \"python-requests/2.18.4\", \"Accept-Encoding\": \"gzip, deflate\", \"Accept\": \"*/*\", \"Connection\": \"keep-alive\", \"t\": \"t\"}, \"requestType\": \"formData\", \"params\": {\"a\": \"5\", \"b\": \"2\"}, \"matchType\": 1, \"matchStatusCode\": \"200\", \"matchRule\": \"33\", \"returnBody\": \"3\"}', '0');
INSERT INTO `ams_test_case_item_result` VALUES ('21', '9', '{\"url\": \"HTTP://localhost:8000/test/sub\", \"apiMethod\": \"GET\", \"statusCode\": 200, \"headers\": {\"User-Agent\": \"python-requests/2.18.4\", \"Accept-Encoding\": \"gzip, deflate\", \"Accept\": \"*/*\", \"Connection\": \"keep-alive\", \"t\": \"t\"}, \"requestType\": \"formData\", \"params\": {\"a\": \"5\", \"b\": \"2\"}, \"matchType\": 1, \"matchStatusCode\": \"500\", \"matchRule\": \"3\", \"returnBody\": \"3\"}', '0');
INSERT INTO `ams_test_case_item_result` VALUES ('22', '9', '{\"url\": \"HTTP://localhost:8000/test/sub\", \"apiMethod\": \"GET\", \"statusCode\": 200, \"headers\": {\"User-Agent\": \"python-requests/2.18.4\", \"Accept-Encoding\": \"gzip, deflate\", \"Accept\": \"*/*\", \"Connection\": \"keep-alive\", \"t\": \"t\"}, \"requestType\": \"formData\", \"params\": {\"a\": \"55\", \"b\": \"22\"}, \"matchType\": 1, \"matchStatusCode\": \"200\", \"matchRule\": \"3\", \"returnBody\": \"33\"}', '0');
INSERT INTO `ams_test_case_item_result` VALUES ('23', '9', '{\"url\": \"HTTP://localhost:8000/test/sub\", \"apiMethod\": \"GET\", \"statusCode\": 200, \"headers\": {\"User-Agent\": \"python-requests/2.18.4\", \"Accept-Encoding\": \"gzip, deflate\", \"Accept\": \"*/*\", \"Connection\": \"keep-alive\", \"t\": \"t\"}, \"requestType\": \"formData\", \"params\": {\"a\": \"55\", \"b\": \"22\"}, \"matchType\": 2, \"matchStatusCode\": \"200\", \"matchRule\": \"3\", \"returnBody\": \"33\"}', '1');
INSERT INTO `ams_test_case_item_result` VALUES ('24', '8', '{\"url\": \"HTTP://localhost:8000/test/add?a=1&b=2\", \"apiMethod\": \"GET\", \"statusCode\": 200, \"headers\": {\"User-Agent\": \"python-requests/2.18.4\", \"Accept-Encoding\": \"gzip, deflate\", \"Accept\": \"*/*\", \"Connection\": \"keep-alive\", \"area\": \"010\"}, \"requestType\": \"formData\", \"params\": {\"a\": \"1\", \"b\": \"2\"}, \"matchType\": 1, \"matchStatusCode\": \"200\", \"matchRule\": \"3\", \"returnBody\": \"{\\\"sum\\\": 3}\"}', '0');
INSERT INTO `ams_test_case_item_result` VALUES ('25', '8', '{\"url\": \"HTTP://localhost:8000/test/add?a=1&b=2\", \"apiMethod\": \"GET\", \"statusCode\": 200, \"headers\": {\"User-Agent\": \"python-requests/2.18.4\", \"Accept-Encoding\": \"gzip, deflate\", \"Accept\": \"*/*\", \"Connection\": \"keep-alive\", \"area\": \"010\"}, \"requestType\": \"formData\", \"params\": {\"a\": \"1\", \"b\": \"2\"}, \"matchType\": 3, \"matchStatusCode\": \"200\", \"matchRule\": [{\"paramKey\": \"sum\", \"matchRule\": 1, \"paramInfo\": \"3\"}], \"returnBody\": \"{\\\"sum\\\": 3}\"}', '0');
INSERT INTO `ams_test_case_item_result` VALUES ('26', '8', '{\"url\": \"HTTP://localhost:8000/test/add?a=1&b=2\", \"apiMethod\": \"GET\", \"statusCode\": 200, \"headers\": {\"User-Agent\": \"python-requests/2.18.4\", \"Accept-Encoding\": \"gzip, deflate\", \"Accept\": \"*/*\", \"Connection\": \"keep-alive\", \"area\": \"010\"}, \"requestType\": \"formData\", \"params\": {\"a\": \"1\", \"b\": \"2\"}, \"matchType\": 3, \"matchStatusCode\": \"200\", \"matchRule\": [{\"paramKey\": \"sum\", \"matchRule\": 1, \"paramInfo\": \"3\"}], \"returnBody\": \"{\\\"sum\\\": 3}\"}', '0');
INSERT INTO `ams_test_case_item_result` VALUES ('27', '8', '{\"url\": \"HTTP://localhost:8000/test/add?a=1&b=2\", \"apiMethod\": \"GET\", \"statusCode\": 200, \"headers\": {\"User-Agent\": \"python-requests/2.18.4\", \"Accept-Encoding\": \"gzip, deflate\", \"Accept\": \"*/*\", \"Connection\": \"keep-alive\", \"area\": \"010\"}, \"requestType\": \"formData\", \"params\": {\"a\": \"1\", \"b\": \"2\"}, \"matchType\": 3, \"matchStatusCode\": \"200\", \"matchRule\": [{\"paramKey\": \"sum\", \"matchRule\": 1, \"paramInfo\": \"3\"}], \"returnBody\": \"{\\\"sum\\\": 3}\"}', '0');
INSERT INTO `ams_test_case_item_result` VALUES ('28', '8', '{\"url\": \"HTTP://localhost:8000/test/add?a=1&b=2\", \"apiMethod\": \"GET\", \"statusCode\": 200, \"headers\": {\"User-Agent\": \"python-requests/2.18.4\", \"Accept-Encoding\": \"gzip, deflate\", \"Accept\": \"*/*\", \"Connection\": \"keep-alive\", \"area\": \"010\"}, \"requestType\": \"formData\", \"params\": {\"a\": \"1\", \"b\": \"2\"}, \"matchType\": 3, \"matchStatusCode\": \"200\", \"matchRule\": [{\"paramKey\": \"sum\", \"matchRule\": 1, \"paramInfo\": \"3\"}], \"returnBody\": \"{\\\"sum\\\": 3}\"}', '1');
INSERT INTO `ams_test_case_item_result` VALUES ('29', '9', '{\"url\": \"HTTP://localhost:8000/test/sub\", \"apiMethod\": \"GET\", \"statusCode\": 200, \"headers\": {\"User-Agent\": \"python-requests/2.18.4\", \"Accept-Encoding\": \"gzip, deflate\", \"Accept\": \"*/*\", \"Connection\": \"keep-alive\", \"t\": \"t\"}, \"requestType\": \"formData\", \"params\": {\"a\": \"55\", \"b\": \"22\"}, \"matchType\": 2, \"matchStatusCode\": \"200\", \"matchRule\": \"3\", \"returnBody\": \"33\"}', '1');
INSERT INTO `ams_test_case_item_result` VALUES ('30', '8', '{\"url\": \"HTTP://localhost:8000/test/add?a=1&b=2\", \"apiMethod\": \"GET\", \"statusCode\": 200, \"headers\": {\"User-Agent\": \"python-requests/2.18.4\", \"Accept-Encoding\": \"gzip, deflate\", \"Accept\": \"*/*\", \"Connection\": \"keep-alive\", \"area\": \"010\"}, \"requestType\": \"formData\", \"params\": {\"a\": \"1\", \"b\": \"2\"}, \"matchType\": 3, \"matchStatusCode\": \"200\", \"matchRule\": [{\"paramKey\": \"sum\", \"matchRule\": 1, \"paramInfo\": \"3\"}], \"returnBody\": \"{\\\"sum\\\": 3}\"}', '1');
INSERT INTO `ams_test_case_item_result` VALUES ('31', '9', '{\"url\": \"HTTP://localhost:8000/test/sub\", \"apiMethod\": \"GET\", \"statusCode\": 200, \"headers\": {\"User-Agent\": \"python-requests/2.18.4\", \"Accept-Encoding\": \"gzip, deflate\", \"Accept\": \"*/*\", \"Connection\": \"keep-alive\", \"t\": \"t\"}, \"requestType\": \"formData\", \"params\": {\"a\": \"55\", \"b\": \"22\"}, \"matchType\": 2, \"matchStatusCode\": \"200\", \"matchRule\": \"3\", \"returnBody\": \"33\"}', '1');
INSERT INTO `ams_test_case_item_result` VALUES ('32', '8', '{\"url\": \"HTTP://localhost:8000/test/add?a=1&b=2\", \"apiMethod\": \"GET\", \"statusCode\": 200, \"headers\": {\"User-Agent\": \"python-requests/2.18.4\", \"Accept-Encoding\": \"gzip, deflate\", \"Accept\": \"*/*\", \"Connection\": \"keep-alive\", \"area\": \"010\"}, \"requestType\": \"formData\", \"params\": {\"a\": \"1\", \"b\": \"2\"}, \"matchType\": 3, \"matchStatusCode\": \"200\", \"matchRule\": [{\"paramKey\": \"sum\", \"matchRule\": 1, \"paramInfo\": \"3\"}], \"returnBody\": \"{\\\"sum\\\": 3}\"}', '1');
INSERT INTO `ams_test_case_item_result` VALUES ('33', '9', '{\"url\": \"HTTP://localhost:8000/test/sub\", \"apiMethod\": \"GET\", \"statusCode\": 200, \"headers\": {\"User-Agent\": \"python-requests/2.18.4\", \"Accept-Encoding\": \"gzip, deflate\", \"Accept\": \"*/*\", \"Connection\": \"keep-alive\", \"t\": \"t\"}, \"requestType\": \"formData\", \"params\": {\"a\": \"55\", \"b\": \"22\"}, \"matchType\": 2, \"matchStatusCode\": \"200\", \"matchRule\": \"3\", \"returnBody\": \"33\"}', '1');
INSERT INTO `ams_test_case_item_result` VALUES ('34', '8', '{\"url\": \"HTTP://localhost:8000/test/add?a=1&b=2\", \"apiMethod\": \"GET\", \"statusCode\": 200, \"headers\": {\"User-Agent\": \"python-requests/2.18.4\", \"Accept-Encoding\": \"gzip, deflate\", \"Accept\": \"*/*\", \"Connection\": \"keep-alive\", \"area\": \"010\"}, \"requestType\": \"formData\", \"params\": {\"a\": \"1\", \"b\": \"2\"}, \"matchType\": 3, \"matchStatusCode\": \"200\", \"matchRule\": [{\"paramKey\": \"sum\", \"matchRule\": 1, \"paramInfo\": \"3\"}], \"returnBody\": \"{\\\"sum\\\": 3}\"}', '1');
INSERT INTO `ams_test_case_item_result` VALUES ('35', '9', '{\"url\": \"HTTP://localhost:8000/test/sub\", \"apiMethod\": \"GET\", \"statusCode\": 200, \"headers\": {\"User-Agent\": \"python-requests/2.18.4\", \"Accept-Encoding\": \"gzip, deflate\", \"Accept\": \"*/*\", \"Connection\": \"keep-alive\", \"t\": \"t\"}, \"requestType\": \"formData\", \"params\": {\"a\": \"55\", \"b\": \"22\"}, \"matchType\": 1, \"matchStatusCode\": \"200\", \"matchRule\": \"3\", \"returnBody\": \"33\"}', '0');

-- ----------------------------
-- Table structure for ams_user
-- ----------------------------
DROP TABLE IF EXISTS `ams_user`;
CREATE TABLE `ams_user` (
  `id` int(10) unsigned NOT NULL auto_increment,
  `userName` varchar(60) NOT NULL,
  `userPassword` varchar(60) NOT NULL,
  `userNickName` varchar(16) NOT NULL default '',
  PRIMARY KEY  (`id`)
) ENGINE=InnoDB DEFAULT CHARSET=utf8;

-- ----------------------------
-- Records of ams_user
-- ----------------------------
INSERT INTO `ams_user` VALUES ('1', 'abc', '1', '1');
INSERT INTO `ams_user` VALUES ('2', 'java', '1', '222');
INSERT INTO `ams_user` VALUES ('3', 'tom', '1', 'tom');
INSERT INTO `ams_user` VALUES ('4', 'rabbit', '1', '');
INSERT INTO `ams_user` VALUES ('5', 'cici', '1', 'cici');
